control,is_ditch,ratio,measured,predicted,dz,rise_before,horiz_near,have_prev
0,1,3.1987467564559013,4.290762076737683,1.34138848850032,-0.7314571897196809,-0.00815166354128774,6.201728042789218,1.0
0,1,3.226836108365499,4.330953096283397,1.3421670487247557,-0.7412316472011116,-0.008768089177130936,6.205327610564157,1.0
0,1,3.263629175342956,4.382414482653796,1.3428040525447482,-0.7538363101633845,-0.009074365842907967,6.208272711470928,1.0
0,1,3.307795495887354,4.44382827523344,1.3434410563647414,-0.7689092121801433,-0.009606148279866396,6.211217812377696,1.0
0,1,3.3604854740185073,4.516516948077329,1.3440072819825124,-0.7867958857348656,-0.010039475440503619,6.213835679850381,1.0
0,1,3.4204263222762883,4.599498800883211,1.3447150640047267,-0.8072002050934677,-0.010663350252867698,6.217108014191238,1.0
0,1,3.4861279555513165,4.69179664678838,1.3458475152402696,-0.8298096105789838,-0.01196763424393457,6.2223437491366065,1.0
0,1,3.5571467165995827,4.793419512671961,1.3475461920935834,-0.8545912343056603,-0.013901691352311113,6.230197351554657,1.0
0,1,3.638442606923215,4.908634973495714,1.3491033125424547,-0.8827789859592237,-0.015297665396877215,6.237396487104539,1.0
0,1,3.129558827165295,6.5848667435403065,2.1040878626029134,-0.8767736775017962,-0.036824415992803436,7.86770885527697,1.0
0,1,3.321628259048869,6.99076587674774,2.104620183701565,-0.956093581481402,-0.03697929560326212,7.869699336518818,1.0
0,1,3.534364876729823,7.437554947634369,2.1043540231522386,-1.0435708415131482,-0.03690188824447651,7.868704095897892,1.0
0,1,3.4603574734538585,3.3042363064955875,0.9548829367613159,-0.7086724834834364,-0.01706905825766136,5.210377648410251,1.0
0,1,3.502272232811114,3.345499681150959,0.9552369030050183,-0.7210126330881828,-0.017108111307823543,5.212309087054169,1.0
0,1,3.5536156572256945,3.395593031533207,0.9555318748747703,-0.7360341028374915,-0.01683479537999515,5.213918619257437,1.0
0,1,3.6147309019731533,3.454843591076421,0.9557678523705719,-0.7538356013093905,-0.016582572743965875,5.215206245020046,1.0
0,1,3.6852797311591656,3.5229241263465108,0.9559448354924234,-0.7743184199258517,-0.01635146176748916,5.2161719643420055,1.0
0,1,3.7659545093938327,3.6004891042116522,0.9560628242403242,-0.797679975842932,-0.015973975371854625,5.216815777223312,1.0
0,1,3.8563016831844203,3.6875491786587027,0.9562398073621754,-0.8238878919850283,-0.015742340685513157,5.217781496545271,1.0
0,1,3.9524750074454778,3.781845677609665,0.9568297511016794,-0.85215407707914,-0.016533438323781745,5.221000560951802,1.0
0,1,4.055120043105388,3.8843656283602233,0.9578916498327871,-0.8827584683215468,-0.018311086827673847,5.226794876883558,1.0
0,1,4.17032439797953,3.9986553287509983,0.9588355598159933,-0.9169487454485721,-0.019291278389679815,5.231945379934005,1.0
0,1,4.298857752565494,4.125701806077675,0.9597204754252494,-0.9550048456564972,-0.01963130246144894,5.236773976543802,1.0
0,1,4.440974158736569,4.265499733346827,0.9604874022866047,-0.9969429574831241,-0.019848690920738578,5.2409587602722905,1.0
0,1,4.596204189478422,4.418392324972831,0.9613133235219106,-1.0428132238930774,-0.02020767657998789,5.245465450441434,1.0
0,1,5.027677360495796,4.83732569851038,0.9621392447572163,-1.1689335642399523,-0.021052893481333802,5.249972140610577,1.0
0,1,5.310869172829369,5.113242080372251,0.9627881828706708,-1.2519668216019098,-0.021470824521999405,5.25351311145776,1.0
0,1,5.522678181741555,5.3201015536552045,0.9633191322362245,-1.3142049460755194,-0.021929091002596983,5.256410269423638,1.0
0,1,3.3392609800922535,4.57118517858356,1.3689212091644518,-0.7941750794655118,-0.030049120409294156,6.329021848648493,1.0
0,1,3.515088915864689,4.817104394182431,1.3704075514111014,-0.8547954713108781,-0.03129515917729114,6.3358937507642885,1.0
0,1,3.705502414312488,5.084605210326205,1.3721770064666368,-0.9206979786694498,-0.03314350316297047,6.344074586616428,1.0
0,1,3.914172778067642,5.3773097619876165,1.3738049051177295,-0.9928862261851461,-0.035091315786485,6.351600955600395,1.0
0,1,4.1436905244640165,5.698194744150309,1.3751496909599366,-1.072133553460068,-0.036413685004159146,6.35781839084802,1.0
0,1,4.396305710716904,6.0502458786770585,1.3762113639932578,-1.1591804322105619,-0.037221893015808784,6.362726892359303,1.0
0,1,4.675730689772067,6.438103108359288,1.376919146015472,-1.255195141271601,-0.037912975443641556,6.3659992267001595,1.0
0,1,4.985764677622516,6.866406375988425,1.3772022588243578,-1.361345959478157,-0.037946623731279217,6.367308160436502,1.0
0,1,3.2664766843964372,6.981050243879657,2.1371804909024106,-0.9478212626660787,-0.03860834392222103,7.991450439145171,1.0
0,1,3.5577976034434213,7.595133120377928,2.1347850459584783,-1.06845028260958,-0.038248812721343825,7.982493273556856,1.0
0,1,3.4954813829254237,7.452797792245085,2.1321234404652216,-1.0411197120317572,-0.03807776786536274,7.972540867347617,1.0
0,1,6.821664761725089,4.953729762379779,0.726176078040965,-1.5089282598940972,0.0,4.524483476208595,0.0
0,1,7.229755676701071,5.248243519059498,0.725922666511777,-1.6141386353050815,0.0,4.52290458052315,0.0
0,1,7.677252510533693,5.570757008772467,0.7256185726767517,-1.7293609626786672,0.0,4.521009905700619,0.0
0,1,8.167730949268522,5.9241735167881355,0.7253144788417262,-1.8556134131718487,0.0,4.519115230878084,0.0
0,1,8.70612910447529,6.312034013953671,0.7250103850067006,-1.9941598550587443,0.0,4.51722055605555,0.0
0,1,9.295073775012156,6.7385539205153995,0.7249597027008629,-2.1464144364178006,0.0,4.516904776918461,0.0
0,1,6.694703718521507,6.543924141822599,0.9774777819843226,-1.6790949445166297,-0.040407281584481244,5.333667815180368,1.0
0,1,7.249045331997694,7.084497793951616,0.9773007988624715,-1.8422100810326074,-0.04032211186836334,5.33270209585841,1.0
0,1,7.870636314536917,7.689193218181102,0.976946832618769,-2.0247206644555154,-0.04029619389686437,5.330770657214493,1.0
0,1,5.319428132554835,7.430971817067401,1.3969493772441335,-1.4964632198989543,-0.04116714478897705,6.458606288546368,1.0
0,1,5.788709657042864,8.077110917810865,1.395321478593041,-1.657112189856489,-0.04041954016615085,6.4510799195624,1.0
0,1,5.6733749557386135,7.904135393457076,1.3931981325263987,-1.6147401232299319,-0.039495837727275114,6.441262916539835,1.0
0,1,5.554233543918433,7.725174885059078,1.3908624518530917,-1.5709364149993192,-0.03851614080708258,6.4304642132150125,1.0
0,1,10.171991085173172,7.459347726903708,0.7333222831640652,-2.400700411309571,0.0,4.56900833453812,0.0
0,1,10.167001762951086,7.445383203884344,0.7323086370473135,-2.396077893038269,0.0,4.562692751796343,0.0
0,1,7.919729333523889,7.803499652876202,0.9853240337197269,-2.0566737686635674,-0.03865168567950458,5.376481371787224,1.0
0,1,5.007569304294008,6.880132126461797,1.3739464615221721,-1.3655574555268561,-0.021811866055466655,6.352255422468565,1.0
0,1,8.166152583136872,7.920567810729288,0.96992650211867,-2.0966314822758156,-0.02939740502254655,5.292463790776779,1.0
0,1,9.981404731928953,7.200704564484333,0.7214119412922316,-2.312634793846976,0.0,4.494800237322245,0.0
0,1,8.429231868440196,8.135455923889543,0.9651479578286871,-2.162892998180242,-0.028265785251057236,5.266389369083882,1.0
0,1,9.982261453900861,7.1684375521280055,0.7181175914127884,-2.3022936669352827,0.0,4.474274593411471,0.0
0,1,9.984862655050458,7.153099621096129,0.7163943930143105,-2.29743420059721,0.0,4.463538102750452,0.0
0,1,3.1040766150627617,6.279264195553755,2.022908895058569,-0.8328597301343981,-0.018648366264969657,7.564160465895186,1.0
0,1,3.2101461310695916,6.463359054455275,2.0134158354659517,-0.8707399281374995,-0.01662788306117411,7.5286635504155655,1.0
0,1,3.324339160700782,6.662898702772151,2.0042776566057685,-0.9115728348282304,-0.014712831145639057,7.49449362243051,1.0
0,1,3.4463869067505883,6.877551393630743,1.9955830786611284,-0.9552761755714416,-0.013171459260586516,7.4619824288136645,1.0
0,1,6.292848977636362,8.24250832275278,1.3098214103095676,-1.7193358299559078,-0.02104732226051106,6.055781931187064,1.0
0,1,5.7281717462358195,7.478556213257174,1.3055747181762825,-1.5309256564143596,-0.020507267317718163,6.036147925141932,1.0
0,1,5.232058754088821,6.807143427749264,1.3010449132341115,-1.36553584185105,-0.019698018026645947,6.015204985360456,1.0
0,1,4.791846753781068,6.212023396299741,1.2963735518874981,-1.2191020612578953,-0.01880136596949779,5.9936075787108125,1.0
0,1,4.400567890800025,5.683911719886208,1.291631412338663,-1.0893041909078287,-0.01791011815331962,5.9716829386270796,1.0
0,1,4.051918787422474,5.213510459167586,1.2866769381831638,-0.9738714089024181,-0.016831721331768388,5.94877659824109,1.0
0,1,6.564208489920821,5.973352387538259,0.909988218185055,-1.5273423346622563,-0.007958538846749883,4.9654068470732815,1.0
0,1,6.291954816889796,5.707045255955086,0.9070384994875346,-1.447901687615381,-0.0054091347872512775,4.9493115250406285,1.0
0,1,5.9165243865540935,5.350110444110518,0.9042657639118654,-1.3410701988412936,-0.0033077110570539064,4.934181922329936,1.0
0,1,5.576894584643524,5.027202582417415,0.9014340339622458,-1.2445205907199397,-0.0010035058874177285,4.918730413178588,1.0
0,1,5.265786693370824,4.732780010470046,0.8987792871344773,-1.156510063273635,0.0008303293944469413,4.904244623349202,1.0
0,1,7.451438139040738,5.044352082814828,0.6769635590726669,-1.558839096431815,0.0,4.217861934095352,0.0
0,1,7.107164407976624,4.800485088133544,0.675443089897539,-1.4723390663131963,0.0,4.208388559982686,0.0
0,1,6.792862826934219,4.577863918535359,0.6739226207224116,-1.3934222458392986,0.0,4.198915185870023,0.0
0,1,6.5058667999449655,4.374229101632143,0.6723514692414462,-1.3213002580847886,0.0,4.189126032620268,0.0
0,1,6.242018550920407,4.187339546946449,0.6708310000663185,-1.2551370174679246,0.0,4.179652658507603,0.0
0,1,6.001019151671424,4.016545314293405,0.669310530891191,-1.1947186326425157,0.0,4.17017928439494,0.0
0,1,5.780132389377018,3.8599149650290947,0.6677900617160633,-1.1393557209135883,0.0,4.1607059102822745,0.0
0,1,4.221203409711463,2.7549095291453893,0.6526360522706246,-0.7503582677219816,0.0,4.06628794829272,0.0
0,1,3.9387323580652778,7.507128138546668,1.9059756937214698,-1.0960020920001705,-0.012419314859173136,7.126918086435954,1.0
0,1,3.6614067333542444,6.9496414184535,1.8980795974248066,-0.9884612815405038,-0.012167913884235384,7.097392614681881,1.0
0,1,3.4117166022795065,6.448165055910355,1.8900060607619267,-0.8919149842042879,-0.01193916955203835,7.067203649180522,1.0
0,1,3.1862936167389555,5.996672277223337,1.8820212442821551,-0.8051318339176068,-0.011913901256731812,7.037346430552804,1.0
0,1,4.603497700168341,5.5843539429915525,1.2130676078728884,-1.0840975964854993,0.007400901076236679,5.6084538267921245,1.0
0,1,4.414128423534295,5.339639852019244,1.2096702541662603,-1.0242500196384554,0.008008686810655486,5.592746621956018,1.0
0,1,4.241813788901761,5.116484794394054,1.206202122257411,-0.9697667280190088,0.008882046556256082,5.576712183685828,1.0
0,1,4.084266788199231,4.912575568879625,1.2028047685507828,-0.9200389312953599,0.009643158403273002,5.561004978849722,1.0
0,1,3.940486667978694,4.726248927668183,1.199407414844155,-0.8746716902346368,0.010553534398386142,5.5452977740136165,1.0
0,1,3.8094812337379316,4.556177883265165,1.1960100611375268,-0.8333359062962411,0.011473654229651723,5.52959056917751,1.0
0,1,3.6908033215622305,4.401698941923285,1.1926127074308985,-0.7958670302098751,0.012692007754808476,5.513883364341404,1.0
0,1,3.582675372610507,4.260826135840253,1.1892861319264918,-0.7617549802217611,0.013654037181139288,5.498503392939384,1.0
0,1,3.485689436932961,4.133886698450162,1.185959556422085,-0.731098464909929,0.014773195673840896,5.4831234215373605,1.0
0,1,3.3985369596796,4.01922189538479,1.1826329809176788,-0.7034861110986292,0.016053583930419325,5.467743450135343,1.0
0,1,3.3208243703711915,3.91650449321007,1.1793771836154934,-0.6788192102098363,0.01737010940755055,5.452690712167406,1.0
0,1,3.252079986227621,3.8250709981787,1.1761921645155298,-0.6569332129732479,0.018874600395408572,5.437965207633559,1.0
0,1,3.18937255702342,3.742285489059788,1.1733610364266729,-0.6371041865361553,0.019890048671417325,5.424875870270136,1.0
0,1,3.1337405435155907,3.668802432721498,1.1707422429444805,-0.6195295480546139,0.02082329084474606,5.412768233208973,1.0
0,1,3.0846939591844698,3.6039583354165474,1.168335784068952,-0.6040447482583255,0.021363170800522382,5.4016422964500626,1.0
0,1,5.061255871806496,4.270670145173459,0.8437965306126962,-1.0337018969987128,0.022064251980765368,4.604227820660561,1.0
0,1,5.0117300739036095,4.221784515652336,0.8423806656378865,-1.0193828437797345,0.022579166159032948,4.596502066084886,1.0
0,1,4.971812102209042,4.181412282410867,0.8410237950370268,-1.007614025051689,0.023123257061226327,4.589098217949865,1.0
0,1,3.533122050857558,6.3992702885886406,1.8112225381615144,-0.8977634481829817,0.016045119765325466,6.772612425387052,1.0
0,1,3.107853027052737,5.54105580449795,1.7829207997498797,-0.7353707773171485,0.02291322071592817,6.666785172695477,1.0
0,1,3.020866191776287,5.369080423073256,1.7773314282140398,-0.7028132962069491,0.02352478810086204,6.645885119656078,1.0
0,1,3.009797310687725,4.0373074652757355,1.34138848850032,-0.6685993684654237,-0.003287652525068888,6.201728042789216,1.0
0,1,3.1086515632603,4.174749966633459,1.3429456089491913,-0.7022995206740079,-0.004091370933920493,6.208927178339098,1.0
0,1,3.2178060923028324,4.326121323244561,1.3444319511958407,-0.7394716415017519,-0.005022257311802165,6.215799080454893,1.0
0,1,3.3388209460594966,4.493071242598136,1.3457059588358264,-0.7805599720101604,-0.005765178138013564,6.221689282268434,1.0
0,1,3.4166259268953736,4.324756107508174,1.2657973685278452,-0.7586347730265688,-0.0024194555291313295,5.852242735185856,1.0
0,1,3.307035729640191,4.190484379035008,1.267142154370052,-0.7250013008763061,-0.0004476831820709207,5.858460170433481,1.0
0,1,3.2059548039725434,4.067846358337067,1.2688408312233665,-0.6941652712418849,0.0011216040336578543,5.866313772851535,1.0
0,1,3.10644039832385,3.950593016089834,1.2717427375144443,-0.6643662587409191,0.0012176791300316195,5.879730343649041,1.0
0,1,3.015119596659831,3.84363285380459,1.2747862002099655,-0.6370848920438317,0.0010954924764584267,5.893801381314721,1.0
0,1,4.107127571870467,2.8921569182160027,0.7041799573074516,-0.7809481593439467,0.0,4.387435330712048,0.0
0,1,4.095519514370421,2.8887568753507953,0.7053456503417164,-0.7793185247040726,0.0,4.3946982508650905,0.0
0,1,4.094999381341767,2.8927484260134824,0.7064099787643057,-0.7803633294992036,0.0,4.401329612743956,0.0
0,1,4.10284070451473,2.90286232635214,0.7075249894927326,-0.7835752766096209,0.0,4.4082767537599095,0.0
0,1,4.120482853496617,2.9197301346409477,0.708589317915322,-0.7892159660379165,0.0,4.4149081156387755,0.0
0,1,4.148051517546136,2.943679884624122,0.7096536463379113,-0.7973843920144534,0.0,4.42153947751764,0.0
0,1,4.185339010444461,2.974383542557444,0.7106672924546631,-0.8079815603088687,0.0,4.427855060259416,0.0
0,1,4.232923611348762,3.0124910486257894,0.7116809385714148,-0.8212213622673548,0.0,4.434170643001194,0.0
0,1,4.290309709209259,3.0576804963885014,0.7126945846881665,-0.836988900774081,0.0,4.440486225742968,0.0
0,1,4.358357609549723,3.110595698726886,0.7137082308049183,-0.8555139700607062,0.0,4.446801808484745,0.0
0,1,4.438228887794625,3.1718743412186825,0.7146711946158326,-0.8770422672443554,0.0,4.452801612089434,0.0
0,1,4.528680891100727,3.240878738286158,0.7156341584267467,-0.9013280952079044,0.0,4.45880141569412,0.0
0,1,4.6317868646505715,3.3188903883883487,0.7165464399318232,-0.9288469453001358,0.0,4.464485440161718,0.0
0,1,4.747969094535949,3.406231197965921,0.7174080391310623,-0.9597137146368804,0.0,4.469853685492228,0.0
0,1,4.877989009478989,3.5032169461559555,0.718168273718626,-0.994059203219434,0.0,4.474590372548559,0.0
0,1,5.024788334659599,3.6114449105545843,0.7187257790828396,-1.032489702397875,0.0,4.478063943056539,0.0
0,1,3.182642024445129,3.0550099907300785,0.9598974585471006,-0.6319818127348453,-0.017591324903133705,5.23773969586576,1.0
0,1,3.315546953927177,3.1853234754041804,0.9607233797824065,-0.6710411872608528,-0.018121640025952353,5.242246386034903,1.0
0,1,3.4613625125325025,3.3280665035800974,0.9614903066437617,-0.7138676762897331,-0.018670711125780354,5.246431169763393,1.0
0,1,3.6222181954708295,3.484864588441397,0.9620802503832658,-0.7609871997872286,-0.01829540564437404,5.249650234169923,1.0
0,1,3.79862775591033,3.6563775238496783,0.9625522053748692,-0.812580986371594,-0.017467038845378965,5.25222548569515,1.0
0,1,3.992231589179055,3.8439089165478615,0.9628471772446212,-0.8690600588927453,-0.01636757313754072,5.253835017898413,1.0
0,1,4.203888085519074,4.048445793831623,0.9630241603664723,-0.9307043545469638,-0.015138076240543325,5.254800737220372,1.0
0,1,4.43381250679316,4.270653276556003,0.9632011434883239,-0.997678913414703,-0.014069412953129332,5.255766456542331,1.0
0,1,4.685896102969268,4.51346048464748,0.9632011434883239,-1.0709206783116243,-0.012721448437334571,5.255766456542332,1.0
0,1,3.1103563602928834,4.202135995507757,1.3510143240024328,-0.707090296632956,-0.009320063304299527,6.24623178982485,1.0
0,1,3.3162210650767245,4.471342946201372,1.348324752318019,-0.7745217902037804,-0.0063047269831918995,6.2337969193296,1.0
0,1,3.21786363110056,4.329842753887507,1.3455644024313835,-0.7401137194023386,-0.00359183921384379,6.2210348154002615,1.0
0,1,3.042761726757837,4.08583277761848,1.3428040525447482,-0.6802827863396859,-0.0013003532816536672,6.2082727114709275,1.0
0,1,3.922806453941652,4.8921787008866335,1.247111923141391,-0.9039920585928607,0.007834749052696873,5.765853108587272,1.0
0,1,3.665698547201195,4.5754281381525335,1.2481735961747122,-0.8251732728818602,0.006905741524827941,5.770761610098557,1.0
0,1,3.4249210681887123,4.279259421902861,1.2494476038146975,-0.7514062127214944,0.0057727024067936415,5.776651811912094,1.0
0,1,3.202225551986523,4.005999293692655,1.251004724263569,-0.6832503666149337,0.004458953052365573,5.783850947461978,1.0
0,1,4.7959942297176035,4.313652578334225,0.8994282252479318,-1.0298863009037085,0.0034263706874196986,4.907785594196386,1.0
0,1,4.557065240019283,4.104667607809078,0.9007261014748407,-0.9664553717120723,0.0016051313501963536,4.914867535890752,1.0
0,1,4.335681790195487,3.911400496106899,0.9021419664496508,-0.9077300771901868,-0.0005320357378309132,4.922593290466426,1.0
0,1,4.13138771078941,3.73319144936609,0.903616825798411,-0.853529188719798,-0.0026175539262655017,4.930640951482753,1.0
0,1,3.940745304841023,3.567433254100835,0.9052686682690223,-0.8030306606010793,-0.004980385410998332,4.939654331821036,1.0
0,1,3.7646302595677037,3.41444248975834,0.9069795051135842,-0.7563655784876566,-0.007100370826876646,4.948989618599976,1.0
0,1,3.6026347332683044,3.2738919229045305,0.9087493363320963,-0.7134352338015058,-0.007887195990950516,4.958646811819566,1.0
0,1,5.501749517942616,3.767983185659549,0.6848699987833305,-1.1004464906889242,0.0,4.2671234794812065,0.0
0,1,5.321763690714979,3.6522684315242504,0.6862891033467832,-1.0586382481973484,0.0,4.275965295319694,0.0
0,1,5.157031334301181,3.5465327770491957,0.6877082079102355,-1.0203918162964765,0.0,4.284807111158181,0.0
0,1,5.005589727810241,3.4494885964717703,0.6891273124736879,-0.9852476065229903,0.0,4.293648926996668,0.0
0,1,4.868637713856288,3.3617735753697273,0.6904957347313027,-0.9534513159940168,0.0,4.302174963698064,0.0
0,1,4.743859299733281,3.2821062152840037,0.6918641569889176,-0.9245274533607704,0.0,4.310701000399463,0.0
0,1,4.631182394376286,3.2104865162146057,0.6932325792465327,-0.8984760186232528,0.0,4.3192270371008625,0.0
0,1,4.529608593231267,3.1462706652802312,0.6946010015041476,-0.8750672175498044,0.0,4.327753073802261,0.0
0,1,4.439849450172703,3.0897744416179664,0.6959187414559246,-0.8544318501417243,0.0,4.335963331366568,0.0
0,1,4.361818397829258,3.040997845227806,0.6971857991018646,-0.8365699163990079,0.0,4.343857809793791,0.0
0,1,4.293749041353303,2.9989812840913608,0.6984528567478043,-0.8211208220887043,0.0,4.351752288221012,0.0
0,1,4.235587264622138,2.9637247582086346,0.6997199143937439,-0.8080845672108137,0.0,4.35964676664823,0.0
0,1,4.188032621097941,2.9355440467167053,0.7009362897338461,-0.7975919517666294,0.0,4.367225465938364,0.0
0,1,4.150561192956213,2.914117243174932,0.7021019827681105,-0.7895280786403254,0.0,4.3744883860914054,0.0
0,1,4.122368577709094,2.8991285684462165,0.7032676758023749,-0.7837621478306034,0.0,4.381751306244447,0.0
0,1,6.537248775766752,4.766741724829998,0.7291663340853827,-1.4411198682389645,0.0,4.543114445296833,0.0
0,1,6.513455004449831,4.744110237127256,0.7283554171919814,-1.4333315162984062,0.0,4.538061979103414,0.0
0,1,6.306419842726007,4.587881449249933,0.7274938179927424,-1.37787676417423,0.0,4.532693733772904,0.0
0,1,3.9337943554769623,3.795997373500854,0.964970974706836,-0.8539671105617666,-0.006416996428702164,5.265423649761924,1.0
0,1,3.807908037162839,3.6675567305429118,0.9631421491143733,-0.8157751926465433,-0.005339315394728082,5.2554445501016795,1.0
0,1,4.569277132460234,4.064720027394154,0.8895761647982136,-0.957768684571092,0.0057946597191673825,4.854027218607326,1.0
0,1,4.721011601619252,4.202206012650977,0.8901071141637671,-0.9990805905027258,0.0064115557446870934,4.856924376573203,1.0
0,1,4.885524244073793,4.351810288955829,0.8907560522772217,-1.0440123367458003,0.007077521070224909,4.860465347420386,1.0
0,1,5.064886269833819,4.515163696485702,0.8914639847646267,-1.0930736547282565,0.00776863456285376,4.864328224708224,1.0
0,1,7.367245840000688,4.976902072218543,0.6755444545092143,-1.5352708800166197,0.0,4.2090201182568645,0.0
0,1,6.821192309007912,4.613895771322493,0.6764060537084532,-1.4053965843084222,0.0,4.214388363587375,0.0
0,1,3.623637637099851,3.213668057073849,0.8868624235964946,-0.7018710544366318,0.005894494943280184,4.839219522337285,1.0
0,1,5.7168548350440265,3.836492163152446,0.6710844115955064,-1.1298196467868435,0.0,4.181231554193047,0.0
0,1,4.6290869564772,3.4058740303309483,0.7357550338442694,-0.9530376931709981,0.0,4.584165733118382,0.0
0,1,5.928277992487515,3.8933451084426194,0.6567413190434691,-1.1552314384550564,0.0,4.0918660583969135,0.0
0,1,3.7420440353468054,3.2630468370121184,0.8719958413609917,-0.721250395556835,0.0010160011916303807,4.758099099292719,1.0
0,1,3.6898062162600267,3.5218092512084462,0.9544699761436628,-0.7744270076367912,0.00628070955534072,5.208124303325678,1.0
0,1,3.8394282820724404,3.6544263107427115,0.9518152293158947,-0.8152311745172791,0.007716261600072278,5.1936385134962935,1.0
0,1,4.001021358253343,3.7978474005952343,0.9492194768620767,-0.8592765359348966,0.00900166957061688,5.179474630107558,1.0
0,1,4.176290986136241,3.9533761275089283,0.9466237244082587,-0.9069741147395587,0.010302047810393726,5.1653107467188235,1.0
0,1,6.602855615145812,4.723221133672062,0.7153300645917211,-1.4305247309138154,0.0,4.456906740871586,0.0
0,1,6.724118586936052,4.797354811231041,0.7134548192757305,-1.4576543714326415,0.0,4.445222912799301,0.0
0,1,6.233058890337565,4.435633295449357,0.7116302562655773,-1.3291974142333707,0.0,4.433854863864104,0.0
0,1,6.576851685478504,4.234291098888586,0.643817331054884,-1.2815372054914653,0.0,4.011342378439264,0.0
0,1,7.047395747060175,4.540807303425933,0.6443241541132599,-1.3907602309061142,0.0,4.014500169810151,0.0
0,1,7.564453464721551,4.878560687313751,0.644932341783311,-1.5110964707852519,0.0,4.018289519455218,0.0
0,1,5.598409089449548,4.728211736939668,0.8445634574740517,-1.171486038090715,0.03652727810832383,4.60841260438905,1.0
0,1,5.428306574525224,4.5928755970575,0.8460973111967623,-1.1301997848042193,0.03480290386687771,4.61678217184603,1.0
0,1,5.225018829591148,4.430738277540911,0.8479851311631754,-1.0807222968926058,0.03230475449279523,4.627083177946927,1.0
0,1,5.03623568098949,4.28105180949987,0.8500499342514396,-1.0349471693326606,0.029455636809493313,4.638349903369783,1.0
0,1,3.1673939456490308,4.127423072221995,1.3030974810985327,-0.7004447547694943,0.012230330186863758,6.024694754948938,1.0
0,1,3.3763739892883993,4.386600888233922,1.2992046799763544,-0.7656873863147688,0.013361699368088988,6.006696916074231,1.0
0,1,3.5568405847542977,4.607973100969409,1.295524213460841,-0.821501407624359,0.01295808715471625,5.989680777501785,1.0
0,1,3.404384817938762,4.398415151723963,1.2919853033497701,-0.7704078099889236,0.012323119195470345,5.973319105797508,1.0
0,1,3.1917853930209286,4.112896195293769,1.288587949643142,-0.7004404530184836,0.010927677192925062,5.957611900961402,1.0
0,1,4.590402777826899,4.207542933608936,0.9165955880675009,-0.9927003142323627,-0.0020669040883502,5.001460368426423,1.0
0,1,4.401692263571401,4.01873152897628,0.9129969312565259,-0.9368316740939795,-0.0008339498213278878,4.981824075546587,1.0
0,1,4.229211481297977,3.8462871230413347,0.9094572688195012,-0.8858822743192056,0.0004394417062311158,4.962509689107404,1.0
0,1,4.072360071729112,3.6892226885084094,0.9059176063824769,-0.8395721777117562,0.0017307463297136366,4.943195302668221,1.0
0,1,3.929006861683841,3.5459127121939424,0.9024959326933532,-0.7973754643058895,0.0028925042970299884,4.924524729110345,1.0
0,1,3.7994851620603622,3.4160193066769846,0.8990742590042294,-0.7592258025991787,0.004069687572653241,4.905854155552467,1.0
0,1,3.681288290575101,3.297589725339882,0.8957705740630064,-0.7244985640478523,0.005310162234237371,4.887827394875896,1.0
0,1,3.574682847787257,3.190286080761691,0.8924668891217835,-0.6931274171494857,0.006366962217692788,4.869800634199326,1.0
0,1,3.4781011666454735,3.0928047661994977,0.889222198554511,-0.6647013390541627,0.007663168098238968,4.852095779963406,1.0
0,1,3.391083564112517,3.004823875212648,0.8860954967351394,-0.6391054326460559,0.010871418746189316,4.835034738608798,1.0
0,1,3.313611284790059,2.926010847373629,0.8830277892897183,-0.6162571778849373,0.01417663366453383,4.818295603694837,1.0
0,1,5.119616022162138,3.4222018606872817,0.668448931691952,-0.9828889058749042,0.0,4.16481103906443,0.0
0,1,5.028905466028176,3.3544299436503415,0.6670298271284997,-0.959205792343879,0.0,4.155969223225943,0.0
0,1,4.949531084158852,3.2947118149332946,0.6656614048708848,-0.9383792038231153,0.0,4.147443186524546,0.0
0,1,4.880127449712258,3.242081755214178,0.6643436649191072,-0.9200644489651251,0.0,4.139232928960236,0.0
0,1,4.822100207059437,3.197177450070737,0.66302592496733,-0.904507224887033,0.0,4.131022671395925,0.0
0,1,4.773215074290573,3.1587174010439165,0.6617588673213904,-0.8912320402400558,0.0,4.123128192968705,0.0
0,1,4.735351982167606,3.127661200152115,0.6604918096754507,-0.8805994892571485,0.0,4.115233714541487,0.0
0,1,4.706268711595964,3.102727348936291,0.6592754343353487,-0.8721340805895268,0.0,4.107655015251355,0.0
0,1,4.68650980266535,3.0842377538370878,0.658109741301084,-0.8659507113530203,0.0,4.100392095098311,0.0
0,1,4.67563949217115,3.071870508413859,0.6569947305726569,-0.8619344844317995,0.0,4.093444954082356,0.0
0,1,4.675039043702368,3.0662632982443467,0.6558797198442301,-0.8603310969429907,0.0,4.086497813066403,0.0
0,1,4.682932886859458,3.06645653131015,0.6548153914216408,-0.8607799546536381,0.0,4.079866451187537,0.0
0,1,4.699853030552851,3.0727721140519257,0.653801745304889,-0.8633959546795713,0.0,4.0735508684457615,0.0
0,1,4.725344491590214,3.0848881400290216,0.6528387814939749,-0.8680641999049612,0.0,4.067551064841075,0.0
0,1,4.761281392967501,3.103764201259831,0.6518758176830606,-0.8751452845627621,0.0,4.061551261236386,0.0
0,1,4.8050024681090875,3.128124926588871,0.6510142184838216,-0.8841478144187238,0.0,4.056183015905877,0.0
0,1,4.859237036756092,3.1592456871716266,0.6501526192845826,-0.8955631837070974,0.0,4.050814770575365,0.0
0,1,4.922660574023472,3.1964887974303506,0.6493417023911813,-0.9091456953107557,0.0,4.045762304381947,0.0
0,1,4.994911806517601,3.2398603846686136,0.648632150109455,-0.9248794463442331,0.0,4.041341396462703,0.0
0,1,5.078251514351536,3.2903139136012447,0.6479225978277287,-0.9431409339259509,0.0,4.0369204885434575,0.0
0,1,5.172320597421357,3.3478555115318036,0.64726372785184,-0.9639142551704414,0.0,4.032815359761305,0.0
0,1,5.2766319315232515,3.4121632720196446,0.646655540181789,-0.9870845129618768,0.0,4.0290260101162385,0.0
0,1,5.392684587518479,3.484202914386718,0.6460980348175757,-1.012996398647742,0.0,4.025552439608262,0.0
0,1,3.6047656195410474,3.045941941259918,0.8449764180917044,-0.6639119186831652,0.03477821619611208,4.610665949473622,1.0
0,1,3.714688512744326,3.136194445146341,0.8442684856042998,-0.6913497486725579,0.035423690910689754,4.606803072185785,1.0
0,1,3.8350078401681538,3.235287578746501,0.8436195474908451,-0.7214365217309104,0.03585619714888097,4.603262101338601,1.0
0,1,3.9654511714283696,3.3432266690538377,0.8430885981252911,-0.7541560493204231,0.036100709291867754,4.600364943372723,1.0
0,1,4.106759503777812,3.460666182936521,0.8426756375076385,-0.7897057485971513,0.03639944385236061,4.598111598288153,1.0
0,1,4.258985956064384,3.5879386808220675,0.8424396600118368,-0.8281681396013223,0.03629214574384827,4.596823972525539,1.0
0,1,3.0850866835104847,3.565331286140962,1.1556664858713184,-0.5976071156265534,0.038884292419759985,5.343067511748751,1.0
0,1,3.2543368824982717,3.76207974940803,1.1560203768824255,-0.6463138045558439,0.038820660331932176,5.344703678919179,1.0
0,1,3.4369214905388055,3.9750973498021898,1.156586602500197,-0.6990026487788272,0.038821276414263785,5.347321546391863,1.0
0,1,3.634945315780981,4.206701801999372,1.157294384522411,-0.7562660046844276,0.03869425169664804,5.350593880732718,1.0
0,1,3.8492218863622654,4.458224606933697,1.1582145011512894,-0.8184165368703655,0.03846146099854588,5.354847915375831,1.0
0,1,3.0565047379850694,6.068052990407524,1.9852915374205338,-0.7988918597895871,-0.004816765383424629,7.423499791471273,1.0
0,1,3.2535261909700752,6.478537794149519,1.9912357896888084,-0.8780500857228466,-0.0070128858589559966,7.44572683200524,1.0
0,1,3.3879170148024786,6.763875632827049,1.996470280492214,-0.9328591376582063,-0.008840441745761813,7.465299897550076,1.0
0,1,3.4868207711357817,6.97061458429399,1.9991318859854712,-0.9727918479924245,-0.009109007090061037,7.475252303759316,1.0
0,1,3.5477194412922017,7.096450863757643,2.000285248365883,-0.9971891018265291,-0.008462837644977569,7.4795650131166544,1.0
0,1,3.5766717744144634,7.157537018355329,2.001172450196968,-1.0089684952314286,-0.007780335236355298,7.482882481853064,1.0
0,1,3.571754311612651,7.150865194236927,2.0020596520280542,-1.0074893874342872,-0.007165939227713586,7.48619995058948,1.0
0,1,3.5323421765374636,7.075093649249659,2.00294685385914,-0.9924892338568481,-0.007186508861819402,7.489517419325892,1.0
0,1,3.4537940747493963,6.920830188323953,2.0038340556902257,-0.9621302224513009,-0.007418654337999706,7.492834888062304,1.0
0,1,3.3289670862116556,6.673651083317286,2.0047212575213114,-0.9135899990013716,-0.008561808265251079,7.496152356798718,1.0
0,1,3.1577553780045533,6.333220898691458,2.005608459352397,-0.8468029273624949,-0.010110524849010118,7.4994698255351295,1.0
0,1,3.400358486968637,4.1838291945482355,1.2304082674171362,-0.7324609469733772,0.009689121859962305,5.688626018143084,1.0
0,1,3.3448704626122154,4.097563732868902,1.2250291240483082,-0.7124007961284202,0.01354435363857367,5.663756277152582,1.0
0,1,3.2951119161179396,4.020282517415218,1.220074649892809,-0.6944634567752288,0.016909889675253167,5.6408499367665925,1.0
0,1,3.1634839116970945,3.827891916033632,1.2100241451773677,-0.6492423375475556,0.020286440281917558,5.594382789126447,1.0
0,1,3.1335497726220187,3.7819122561306813,1.206909904279625,-0.6386115313835785,0.021354585471443744,5.579984518026684,1.0
0,1,3.109992143620581,3.7442352949478765,1.2039372197863254,-0.6300047232125827,0.022323469849118295,5.5662407137950884,1.0
0,1,3.0933214237534536,3.715188265919294,1.2010353134952474,-0.623520621612595,0.023322063106853093,5.552824142997584,1.0
0,1,3.0831353802845234,3.6944439356108614,1.198274963608612,-0.6190605180055904,0.024065406658194524,5.540062039068246,1.0
0,1,3.07938359616792,3.6816660437093693,1.195585391924198,-0.6165585716992956,0.02498876838994622,5.527627168572997,1.0
0,1,3.0823883433876653,3.6771863370884725,1.192966598442006,-0.6160970573288609,0.025940965324344548,5.515519531511832,1.0
0,1,3.0919149960661576,3.6806730688745226,1.1904185831620344,-0.6175937002591381,0.02676656050308251,5.503739127884749,1.0
0,1,3.1072639607754846,3.691467258759787,1.1880121242865065,-0.6208675172769464,0.027639922848951254,5.492613191125844,1.0
0,1,3.1290247467846135,3.710232400491557,1.185747221815421,-0.6260830576525873,0.02840385852960502,5.482141721235105,1.0
0,1,3.157411347557452,3.7369639806302715,1.1835530975465571,-0.6332567553289388,0.029194242122527043,5.471997484778456,1.0
0,1,3.1922681521185603,3.771666512615492,1.181500529682136,-0.6423721763631227,0.029872353504050108,5.462507715189974,1.0
0,1,3.2338065972086105,3.8143354830076577,1.1795187400199363,-0.6534457546980161,0.03057582289485543,5.453345179035579,1.0
0,1,3.2818595083919835,3.864975405246331,1.1776785067621793,-0.6664610563907432,0.031325569399391275,5.444837109749353,1.0
0,1,3.33672221785405,3.923918026205138,1.1759798299088655,-0.6815003560764499,0.03179810521700151,5.436983507331302,1.0
0,1,4.980901607944318,6.465922590624228,1.2981430069430335,-1.281631308575336,-0.005336224723060355,6.0017884145629505,1.0
0,1,5.080150920565196,6.597998467289463,1.298780010763026,-1.3142287078789494,-0.005780454869725496,6.00473351546972,1.0
0,1,5.119306392015846,6.652113828648998,1.299417014583019,-1.3274915679224186,-0.006342303138188347,6.007678616376488,1.0
0,1,5.10738763258215,6.639879815280269,1.3000540184030116,-1.3242995009359775,-0.007020462654780339,6.010623717283259,1.0
0,1,5.038108952365614,6.552666495029057,1.300620244020783,-1.3025298003486165,-0.008419521847280469,6.013241584755943,1.0
0,1,4.908712080959168,6.3874971729116945,1.3012572478407758,-1.2614091265582321,-0.010138839702542835,6.016186685662713,1.0
0,1,3.387579792467696,4.335942948502208,1.279953008972129,-0.7578984981404766,-0.0028648232373856995,5.917689422002963,1.0
0,1,3.784410794421769,4.846546521431714,1.2806607909943433,-0.8843548222068487,-0.002936106100962853,5.9209617563438215,1.0
0,1,4.057106042014698,5.202955499711359,1.2824302460498789,-0.9723069317855006,-0.004583046839864278,5.9291425921959595,1.0
0,1,4.262497582244606,5.472087969586008,1.2837750318920857,-1.0387194159770925,-0.00558914395986103,5.9353600274435845,1.0
0,1,4.407758683186695,5.66761776790785,1.285827599756507,-1.0867025917366984,-0.007613694233143693,5.944849797032066,1.0
0,1,4.512136307811622,5.805342368304098,1.2866061599809422,-1.1206657919520961,-0.00778232038516223,5.948449364807006,1.0
0,1,4.5575652912151305,5.880888120917129,1.2903574046986777,-1.138471135158477,-0.012170171569951066,5.96579273681354,1.0
0,1,4.576344360981535,5.91418918458882,1.292339194360877,-1.1462384482728305,-0.014002092304598026,5.974955272967935,1.0
0,1,4.581339115453437,5.915780217363691,1.2912775213275558,-1.1468963305917577,-0.011600718407616834,5.970046771456651,1.0
0,1,4.537441975238473,5.86006028291062,1.2914898559342203,-1.133024890057997,-0.011083763063334768,5.97102847175891,1.0
0,1,4.452821419192705,5.753610157427768,1.292126859754213,-1.1064668266890836,-0.011280276632747124,5.973973572665678,1.0
0,1,4.343526608819849,5.602857160168389,1.289932735485349,-1.0696235945604249,-0.007807664832570531,5.963829336209027,1.0
0,1,4.171313156373528,5.379237200136377,1.2895788444742418,-1.0142526601840203,-0.006939145600612653,5.962193169038599,1.0
0,1,3.930763077353812,5.0720892429796525,1.2903574046986777,-0.937885574663871,-0.007942463094422007,5.96579273681354,1.0
0,1,3.6296411180739763,4.683277393632495,1.2902866264964559,-0.8414761362114751,-0.008552984149296967,5.965465503379455,1.0
0,1,3.23134800359649,4.172109622625929,1.291135964923113,-0.7144937161314731,-0.010584805426266433,5.969392304588481,1.0
0,1,3.9346999904649054,3.594690268335742,0.91358687499603,-0.808743471591431,-0.0011702702798378297,4.985043139953118,1.0
0,1,4.730756423339177,4.324468769287395,0.9141178243615836,-1.0287179037540948,-0.0013402943351345706,4.987940297918995,1.0
0,1,5.203208542769724,4.759415273121407,0.9147077681010877,-1.1597397185755554,-0.001675055293381732,4.991159362325526,1.0
0,1,5.517433447682398,5.052047195088801,0.9156516780842943,-1.247726170727945,-0.0029937192271932127,4.9963098653759745,1.0
0,1,5.74178570958858,5.2615405168247396,0.9163596105716993,-1.3107053982123777,-0.003836233565100683,5.000172742663812,1.0
0,1,5.893048497624891,5.403280536724673,0.9168905599372529,-1.353300515658378,-0.00418734684574283,5.003069900629689,1.0
0,1,5.991976835082837,5.492926516683816,0.9167135768154014,-1.3803952316515062,-0.0027686833996818402,5.002104181307729,1.0
0,1,6.023705546037707,5.5276984925918,0.9176574867986081,-1.3905993243176789,-0.004261497973613514,5.007254684358178,1.0
0,1,6.007301764192871,5.5179613944707215,0.9185424024078644,-1.387395238909819,-0.005763157201331896,5.012083280967974,1.0
0,1,5.927914821015611,5.4506365389440194,0.9194863123910709,-1.366802255231197,-0.007592049975089445,5.017233784018423,1.0
0,1,5.80149050505105,5.337129153263799,0.9199582673826742,-1.332420870353006,-0.007955989208179984,5.019809035543647,1.0
0,1,5.609411772809018,5.160755659285125,0.9200172617566245,-1.2792007582580094,-0.007207176108196657,5.020130941984299,1.0
0,1,5.339112684493045,4.912390809807625,0.9200762561305749,-1.2042647589968085,-0.007184607214680961,5.020452848424953,1.0
0,1,4.97289672596338,4.5786713039681315,0.9207251942440295,-1.1034039354922403,-0.00874823984334249,5.023993819272136,1.0
0,1,4.448517092130369,4.099011013519914,0.9214331267314343,-0.9585028976492977,-0.010632793154412104,5.027856696559973,1.0
0,1,3.573438570041287,3.297744181286804,0.922848991706244,-0.7163770651510297,-0.014341353183847366,5.035582451135644,1.0
0,1,3.127128903724947,22.739038054592342,7.271538447777528,-1.4504369712280119,-0.01191901831408553,13.48019016713809,1.0
0,1,3.0864020940788635,22.638326228087692,7.334859664435298,-1.435055067471507,-0.014325412844644607,13.597576886371094,1.0
0,1,3.050580392902979,22.57097224174408,7.398910808662609,-1.4227327875662814,-0.01667392986330701,13.716316766632723,1.0
0,1,3.019621585284301,22.536974081885397,7.463509398567077,-1.4134870545949114,-0.018984793900451304,13.836071517665829,1.0
0,1,3.008932624430786,23.28630125833785,7.739057056069187,-1.457914877317689,-0.023118054869206,14.346889805970845,1.0
0,1,3.0470818477349204,23.613790435319302,7.749641005827544,-1.487632095331212,-0.021616218800198258,14.36651064088587,1.0
0,1,3.089985485662858,23.983493409430082,7.761684810724988,-1.5211709409955205,-0.020284012350281315,14.388837797858145,1.0
0,1,3.1376565041715727,24.39472554545162,7.774823506976745,-1.5585014376965531,-0.019293069808952908,14.413194696373354,1.0
0,1,3.191669633764021,24.85427278528779,7.787232275658958,-1.6004310440522131,-0.07626122231047935,14.436198433859937,1.0
0,1,3.2565876226289046,25.377038023338088,7.79252425053814,-1.6489561690953523,-0.08941815127620954,14.44600885131745,1.0
0,0,3.2554831424701485,13.816209810930346,4.243981371209645,-0.8976185148822653,0.4949175546017724,7.867616510668803,1.0
0,0,3.4108592987897293,14.073539965441324,4.12609806872861,-0.9328034823274047,0.6557465202323219,7.6490810045462565,1.0
0,0,3.4469610631103618,14.149534460060423,4.104930169211893,-0.9419147111782211,0.7107224646950336,7.609839334716203,1.0
0,0,3.397716723336779,14.102395328427011,4.150550642308268,-0.9332163459894935,0.6478183730059638,7.6944118990051145,1.0
0,0,3.227028894107104,13.90096765538921,4.307667551652186,-0.89959447229694,0.4158254236023902,7.985679810416122,1.0
0,1,3.5950440285545424,3.288838874327845,0.9148257568489883,-0.7161109918412516,-0.007009315517329142,4.99180317520683,1.0
0,1,4.206949584547768,3.861779714629461,0.9179524586683603,-0.8879930108871392,-0.014079158259690696,5.008864216561444,1.0
0,1,4.617410133536796,4.258448273827624,0.9222590479667402,-1.006347335619814,-0.023792288077349046,5.032363386729117,1.0
0,1,4.903971851529388,4.548191404981308,0.927450552874376,-1.092181127270256,-0.03500716863889038,5.060691153506584,1.0
0,1,5.086500016588477,4.7486850405245535,0.9335859677652185,-1.1508084605141868,-0.04735129372523281,5.094169423334502,1.0
0,1,5.154066083505518,4.866798795738464,0.9442639494502425,-1.183216006106313,-0.0673242667566821,5.152434489092703,1.0
0,1,5.155012860510864,4.9297326214408566,0.9562988017361257,-1.1985694656422514,-0.08717208599310058,5.218103402985924,1.0
0,1,5.123481766342278,4.954590174933818,0.9670357777951002,-1.2028288779585414,-0.10251029691767151,5.27669037518478,1.0
0,1,5.076259328281911,4.948753996378626,0.9748820295305046,-1.1987016308704534,-0.11232588398637276,5.319503931791635,1.0
0,1,5.027187709099307,4.921971837883235,0.9790706300809836,-1.189359432710247,-0.11683176705736825,5.342359289078002,1.0
0,1,4.977546623499483,4.874544297914562,0.9793066075767853,-1.1749819347449562,-0.11520751192655056,5.3436469148406145,1.0
0,1,5.0020030417330945,4.847444053323898,0.9691005808833644,-1.1698858655422615,-0.09883367669070398,5.287957100607635,1.0
0,1,4.989246911977096,4.777686268446597,0.9575966779630347,-1.1523138290275208,-0.0779487254658056,5.225185344680292,1.0
0,1,4.854364064436225,4.624753347707836,0.9527001449251509,-1.1076592803038596,-0.06626210235962425,5.198467110106089,1.0
0,1,4.657180049320226,4.411894092583958,0.9473316568956636,-1.0450705701034455,-0.052785332597641704,5.169173624006661,1.0
0,1,4.383584443279599,4.126330418165335,0.941314230752722,-0.9607466294965838,-0.036753685038987266,5.136339167060051,1.0
0,1,3.9973966501804012,3.7413463767124666,0.9359457427232348,-0.8462372072533408,-0.020607631879400075,5.107045680960623,1.0
0,1,3.4114881079368966,3.1925652537641476,0.9358277539753339,-0.6807352989756623,-0.016767144568059812,5.106401868079317,1.0
0,1,3.327503983927929,23.41945255688718,7.0381441074164695,-1.5361277527838901,-0.0017683228289867238,13.04751692823602,1.0
0,1,3.2674040895069956,23.19381696806923,7.0985456137960705,-1.509305138362461,-0.0046472127067633765,13.159491003354537,1.0
0,1,3.2127319874564813,23.001537205736234,7.159494565852828,-1.4855590708748876,-0.007346509170144267,13.27247994924452,1.0
0,1,3.1631237025082557,22.842619310916405,7.221538409263899,-1.4648387810734447,-0.00993327987433956,13.387498636677442,1.0
0,1,3.0183089617004155,23.313700755491375,7.724093540893576,-1.4618873926470382,-0.0006062361032437583,14.31915000488408,1.0
0,1,3.079340680607055,23.83625053752519,7.740699393100655,-1.5093313751809545,-0.0014283254704758122,14.349934418285242,1.0
0,1,3.1486320612383563,24.416281479134007,7.754568016921954,-1.5624222287972283,-0.0020166669663162808,14.375644477829075,1.0
0,1,3.226976761140899,25.05855380803097,7.765334448572697,-1.621640559115521,-0.0023521389938768135,14.395603603001257,1.0
0,0,3.01184264818829,4.717614287568223,1.5663548327818533,-0.6166207738323695,0.7899877234433703,5.856991054137078,1.0
0,1,3.055613653534663,23.75016573179764,7.772633724268119,-1.4982643427700062,-0.002836345289750784,14.409135213287481,1.0
0,0,3.8327991137155086,8.308546242321095,2.167748946870008,-0.8864653603208057,0.5890476186591387,6.097882648909142,1.0
0,0,4.0019118245566085,8.444172112493838,2.1100345241688103,-0.9143753309876417,0.6875675997030847,5.935531848421104,1.0
0,0,4.072330650506661,8.484468631282214,2.083442961643258,-0.9240310750629328,0.717735589570252,5.860729723402857,1.0
0,0,4.090942288940963,8.476413902347737,2.07199547284302,-0.9245208427514247,0.7576746682800268,5.828527911735805,1.0
0,0,4.020204174405057,8.388809565919013,2.0866625678683244,-0.9097572742809947,0.7209485106488285,5.869786482934213,1.0
0,0,3.9107428023093567,8.272787414469008,2.1154005345439217,-0.8888601783339658,0.7027723867265905,5.950626447640034,1.0
0,0,3.7050069329631827,8.069961681318489,2.1781232335952234,-0.8505264774627803,0.5123504080890159,6.127065540732404,1.0
0,1,3.7660161806022248,3.4439155601237967,0.914471790605286,-0.7629959890534204,-0.006228236614075038,4.989871736562913,1.0
0,1,4.312617285799485,3.954961338442356,0.9170675430591041,-0.9163677836921895,-0.010681573864269609,5.004035619951647,1.0
0,1,4.699878127218154,4.325355337031891,0.9203122336263766,-1.0271168158630248,-0.014945173155271739,5.021740474187564,1.0
0,1,4.914814319950689,4.5710048996442385,0.930046305328194,-1.0982797234909605,-0.034706687656197166,5.074855036895318,1.0
0,1,5.046241760504572,4.745038283132746,0.940311326395565,-1.147679755690514,-0.053194451678288415,5.130866757568948,1.0
0,1,5.113131881467685,4.856500829796293,0.9498094206015809,-1.1784369004780944,-0.06859931165445497,5.182693694514089,1.0
0,1,5.034022437047223,4.872534487879834,0.9679206934043562,-1.1778101968064505,-0.09593328837559281,5.281518971794574,1.0
0,1,4.9090945596257365,4.843130641566375,0.9865629155726854,-1.1633173039486786,-0.11912535381452048,5.383241407040939,1.0
0,1,7.2154556940841585,5.03234172362539,0.6974392106310526,-1.5472439604906185,0.0,4.345436705479235,0.0
0,1,7.16306865092842,5.004154884829901,0.698604903665317,-1.5367672479319023,0.0,4.352699625632277,0.0
0,1,4.6910603790167205,4.710219817206669,1.0040842446359568,-1.117940082652216,-0.13361934229417216,5.4788476199148946,1.0
0,1,4.796429622961875,4.719529249205095,0.9839671631188674,-1.1268164656952906,-0.10710962675485004,5.369077523652205,1.0
0,1,4.757303830259362,4.633880854880278,0.974056108295199,-1.1039706183365439,-0.0902588686171844,5.314997241622493,1.0
0,1,4.663289432615281,4.495537223680829,0.9640270647236294,-1.0652650669908608,-0.07083222170980231,5.260273146711475,1.0
0,1,4.4914778285613535,4.291220286638476,0.9554138861268694,-1.0062318579762592,-0.05133232446313832,5.213274806376127,1.0
0,1,4.2072322160066085,3.9908565297779486,0.9485705387486223,-0.9176926708873419,-0.03297707100957659,5.175933659260375,1.0
0,1,3.7865831345712557,3.5715129777460985,0.943202050719135,-0.7928188479511384,-0.016268913655822666,5.1466401731609475,1.0
0,1,3.126563147303612,2.9447384306233335,0.9418451801182758,-0.6041642573965686,-0.00863972269449267,5.139236325025928,1.0
0,1,3.636397365397101,24.532429589841772,6.7463555614920505,-1.6678571197345067,7.316804205844027e-05,12.506590807044144,1.0
0,1,3.5525271300712937,24.045700329868303,6.768618352363081,-1.6201273051314564,0.00029733298695632556,12.547862218417132,1.0
0,1,3.475907564331419,23.603206553862854,6.790516179449342,-1.5765798173425896,0.0006303153174125178,12.58845704927581,1.0
0,1,3.4002045437442736,23.189040565034738,6.819895764123408,-1.5349871285056267,0.0005720849940522117,12.642921780677867,1.0
0,1,3.3282028295507673,22.807924331251648,6.852924986645182,-1.4961513828091457,0.0002593677099664802,12.704152317223036,1.0
0,1,3.2637957256190964,22.46898766210461,6.8843118721354895,-1.4614249571672207,0.00012121460489444159,12.762338241453811,1.0
0,1,3.2063066012800707,22.16916983587062,6.914238902486713,-1.4305037259908024,0.0003355972863530146,12.817817843627338,1.0
0,1,3.1554626820686615,21.907449940750013,6.94270607769885,-1.403291955111072,0.0010182015542331896,12.870591123743615,1.0
0,1,3.1009663055505565,21.656418411208826,6.98376450348559,-1.3759017446115485,0.0009066927242118642,12.946706431603639,1.0
0,1,3.0408409964581535,21.409645718685056,7.040698853909865,-1.3474221626033422,-0.0003148370549148053,13.052252991836196,1.0
0,1,3.0375664628184724,23.489053937557436,7.73285267172808,-1.4775094503315542,-0.00023551142296753718,14.335387937227551,1.0
0,0,3.5738181202681516,3.5787142690643146,1.0013700050286263,-0.6391923355624636,0.4592541395865268,4.629698625442265,1.0
0,0,4.336210441521477,5.639070156082133,1.3004604440054606,-0.8489548120050656,0.3200501384197919,4.8627456738341115,1.0
0,0,4.676145470684682,5.82226428202221,1.2450990497457113,-0.8956340180743019,0.48145906573737496,4.655735624681944,1.0
0,0,4.825270561841937,5.8876440038449465,1.2201686782922019,-0.9133053905524682,0.5603047961761332,4.562514753188739,1.0
0,0,4.903870634932622,5.909151987726772,1.2049975269806361,-0.9204825579837619,0.5598724647333062,4.505786037796077,1.0
0,0,4.920557783797111,5.89477229062243,1.1979886325150588,-0.9190402806682656,0.6012965930154247,4.479578034778416,1.0
0,0,4.9033191613869835,5.862810009215089,1.195681907754236,-0.9132374476898419,0.7094087346768327,4.470952616063743,1.0
0,0,4.755430012203888,5.763189808907715,1.2119177012631048,-0.8905673966879852,0.5527851149773281,4.5316622939401,1.0
0,0,4.614957431500431,5.666238338247701,1.2277986140395392,-0.8684889888049852,0.515600635484631,4.591044984321893,1.0
0,0,4.332887600063601,5.486364903835591,1.266214453325551,-0.8257753681722575,0.44045983419075124,4.734691380608572,1.0
0,0,3.5497966023343426,3.4639592334730036,0.9758190740266942,-0.6170693383556554,0.7755359080231704,4.511567355737385,1.0
0,0,3.065125279752981,3.169769615137061,1.0341403126571431,-0.5296451470593571,0.27819796925388557,4.781207705423873,1.0
0,1,3.870625950848075,3.5548773694046822,0.9184244136599636,-0.7952748563942869,0.006475333846792484,5.011439468086669,1.0
0,1,4.599853675996096,4.231402052495314,0.9198992730087238,-0.9989007737335402,0.0076418253176655055,5.019487129102995,1.0
0,1,5.041554917685682,4.645158288015252,0.921374132357484,-1.123263702916154,0.009007332827797577,5.027534790119321,1.0
0,1,5.356888911587931,4.947391846433214,0.923556924193649,-1.213772744537543,0.00791057228473222,5.039445328423482,1.0
0,1,5.5601054398238885,5.147866460837433,0.925857704777715,-1.273551041316561,0.0057131601328720425,5.051999679608953,1.0
0,1,5.706301062873126,5.292985354946873,0.9275685416222766,-1.3168094737868248,0.005419576672740562,5.06133496638789,1.0
0,1,5.784756482999599,5.373607300580862,0.9289254122231362,-1.3407194476123385,0.005947729594904239,5.06873881452291,1.0
0,1,5.81408879728205,5.408743798876964,0.9302822828239955,-1.350908929091934,0.006667940225736085,5.076142662657929,1.0
0,1,5.757395897143616,5.374344712509248,0.9334679790173176,-1.3395716387796954,0.002200236610170966,5.093525610453194,1.0
0,1,5.666894010163512,5.3002278597682375,0.9352968046097805,-1.316662946895466,0.000288578213568263,5.10350471011344,1.0
0,1,5.5333414255817015,5.180213094360332,0.9361817202190363,-1.2801940706921058,0.0009984303901535764,5.108333306723234,1.0
0,1,5.352351231128035,5.012036417214094,0.9364176977148381,-1.2293931074344102,0.0018342549060345892,5.109620932485847,1.0
0,1,5.093756437571447,4.76988367599079,0.9364176977148381,-1.1563487596935462,0.002957698413869186,5.1096209324858455,1.0
0,1,4.743492507417697,4.441330654182038,0.9362997089669374,-1.0572777244288416,0.004419679434507429,5.108977119604542,1.0
0,1,4.227469667781145,3.959675001168713,0.9366536752106399,-0.911881566344535,0.004555921595251,5.11090855824846,1.0
0,1,3.1249351902244897,2.928272505885108,0.9370666358282925,-0.6006388086350616,0.004525738083619414,5.113161903333031,1.0
0,1,3.6459067439374095,24.34176875716122,6.676464996708402,-1.6565321049592943,-0.0051847063909387535,12.377025638553532,1.0
0,1,3.7123647405944284,24.91215440275079,6.710589110584491,-1.7068190661111733,-0.006675055438361229,12.440285916641638,1.0
0,1,3.5839497526812214,24.180561363908268,6.746903007169207,-1.63480997363217,-0.00825227452975656,12.507605677815613,1.0
0,1,3.466912535558957,23.509860578677426,6.781209602937682,-1.5686991738013094,-0.009480421875087916,12.571204246160875,1.0
0,1,3.366760202281951,22.911189447755376,6.805114730840182,-1.5103182042740768,-0.009421165394226758,12.615520269848266,1.0
0,1,3.3217648911430206,22.659545768010695,6.821538101154876,-1.4851806985324991,-0.008552107077192632,12.645966392992266,1.0
0,1,3.251723811316136,22.217954096916415,6.832669496590392,-1.442727406784347,-0.007107222943878493,12.666602098678759,1.0
0,1,3.184527625119914,21.783812866183872,6.8405162179629695,-1.4012807810939114,-0.005472314523798071,12.681148579736456,1.0
0,1,3.126948739042993,21.39964395805843,6.843618410133522,-1.3649651298227794,-0.003485743437736054,12.686899514108102,1.0
0,1,3.0704628009515527,21.042771856930287,6.8532899504299545,-1.3305931587476014,-0.0020532951841478317,12.70482889773735,1.0
0,1,3.0155464943046364,20.713188508095108,6.868800911282723,-1.2982325601986753,-0.0011252125995866269,12.73358356959558,1.0
0,0,3.0737374252985363,1.8067839947391837,0.5878133831043489,-0.43508358289810034,0.0,3.6624064319561187,0.0
0,0,4.068356140314413,2.802118191922627,0.688759315871022,-0.6374857450042315,0.6010628988398619,3.7582576946243464,1.0
0,0,4.785211562082172,4.071715210135345,0.8508955471058909,-0.7987769703740266,0.2744984830601169,3.9340003445764005,1.0
0,0,5.075792888960869,4.177422902010159,0.823008935430652,-0.8319089256566663,0.3869606330191649,3.8050703715466967,1.0
0,0,5.282705162472104,4.2445170486628765,0.8034741516175407,-0.8533932687319792,0.4527871257636524,3.7147539437390864,1.0
0,0,5.253979612632258,5.8882051084111815,1.120713353027492,-0.9328760445221485,0.12207303624789888,4.190626507836848,1.0
0,0,5.558239059572384,6.012709547033213,1.0817651926428282,-0.9648595322452349,0.21956573865203866,4.044989630308319,1.0
0,0,5.617911069108185,6.026421595852718,1.0727157339657536,-0.9693133763566155,0.22321220650321535,4.011151449196906,1.0
0,0,5.636658088677105,6.020527381146376,1.0681022844441082,-0.9690627634094378,0.26030179925835084,3.9939006117675593,1.0
0,0,5.3806365386641675,5.889804125336975,1.0946296191935716,-0.9382928499106531,0.16717010439320198,4.093092926986308,1.0
0,0,5.112425510466806,5.745438672398154,1.1238185594362917,-0.9043326997671719,0.1033896979212019,4.202237648414292,1.0
0,0,5.002342840608849,4.045807432444784,0.808782516784147,-0.8027959419263506,0.48458167127594654,3.739296451295502,1.0
0,0,4.736496209039677,3.9266741610259372,0.8290250826194726,-0.7682301417037716,0.3778384888595144,3.832885213443968,1.0
0,0,4.276386205567894,3.716242761497228,0.8690147668745741,-0.7061246482113268,0.24928279994926753,4.017772103702299,1.0
0,0,3.566924135767834,2.505571629381118,0.7024460106275168,-0.5439051982287595,0.4783535548266635,3.832939988855854,1.0
0,1,3.3478834271619236,4.269968207389658,1.2754232040299582,-0.7426598927250978,0.01249283099583742,5.89674648222149,1.0
0,1,3.717307848173068,4.749823130180315,1.2777588847032653,-0.8610866950363536,0.013095634389163807,5.907545185546312,1.0
0,1,3.9928227974967125,5.110908158767827,1.2800237871743505,-0.9500756119069496,0.01287083724888893,5.918016655437049,1.0
0,1,4.191406659321941,5.373110051812457,1.2819347986343288,-1.0146288572173714,0.01255620677627787,5.926851958157361,1.0
0,1,4.314584077992341,5.553918859040001,1.2872431638009352,-1.0581537130228293,0.005374164670301988,5.951394465713777,1.0
0,1,4.407640148333521,5.6868071729578595,1.2902158482942345,-1.090373341481747,0.0016732966349289528,5.965138269945369,1.0
0,1,4.460507856904428,5.7632263033238065,1.2920560815519915,-1.1088692250512984,-0.0004891796265760778,5.973646339231593,1.0
0,1,4.459124067723277,5.779743679626465,1.2961612172808337,-1.1119475134866657,-0.005937228256387561,5.992625878408553,1.0
0,1,4.4528348848299375,5.768755411840299,1.295524213460841,-1.109380356012638,-0.004408605656528333,5.989680777501784,1.0
0,1,4.415172598117759,5.710900566079599,1.29347164559642,-1.0955411538400972,-0.000758386360157544,5.980191007913304,1.0
0,1,4.323493054518125,5.590785630623674,1.2931177545853128,-1.065839905630353,0.0003936456532098656,5.978554840742876,1.0
0,1,4.18957495817562,5.4176137625829135,1.2931177545853128,-1.0228925460822862,0.0011413513815334828,5.978554840742875,1.0
0,1,4.0232826967178745,5.194889747501599,1.2912067431253342,-0.968129982354661,0.0044494611080986715,5.969719538022566,1.0
0,1,3.780689695807293,4.88138443847102,1.291135964923113,-0.8903968860812139,0.004304425588562621,5.96939230458848,1.0
0,1,3.467196087392185,4.475639958249492,1.2908528521142275,-0.7898407430648271,0.004233640875685339,5.968083370852139,1.0
0,1,3.010356216966803,3.8844354353438133,1.2903574046986777,-0.6433423808284771,0.0030947886180764084,5.9657927368135395,1.0
0,1,3.053455137765501,20.116601414733616,6.58814376079382,-1.2686067977219493,-0.002773255209278207,12.213293154090202,1.0
0,1,3.2292702202323356,21.370949637893325,6.617888309252657,-1.3834418059675773,-0.0034578695154736127,12.268434466006573,1.0
0,1,3.431156880047554,22.782774007744184,6.639968618231302,-1.5137625570698117,-0.003603932496675947,12.309367587122406,1.0
0,1,3.5066460313992978,23.355048437551353,6.6602241082860925,-1.5655271408349978,-0.0037022186804158154,12.346917805666685,1.0
0,1,3.3883791896853057,22.637234683828805,6.680844562125654,-1.4962818004313256,-0.003944989338621576,12.385144604725266,1.0
0,1,3.2793712924760983,21.976591990889204,6.701465015965216,-1.4323975734817882,-0.004262797402633941,12.423371403783856,1.0
0,1,3.1837666394226325,21.38121717446742,6.715698603571286,-1.3752326412270799,-0.004177619577581752,12.449758043842,1.0
0,1,3.114228396849805,20.92217536000277,6.718253350064683,-1.3319472534899244,-0.003002912004286178,12.454494107442175,1.0
0,1,3.083022816302617,20.710840576437555,6.717705904387527,-1.3121810497911148,-0.0012685341084822668,12.453479236670711,1.0
0,1,3.0184145502380795,20.276270440024437,6.717523422495141,-1.2714471283443476,0.0006292412631730056,12.453140946413551,1.0
0,1,5.462687525867788,18.602578352994627,3.4053894287207047,-2.19381635762498,0.004446523349285126,9.579368099870578,1.0
0,1,5.417566859176542,18.558747631529965,3.4256610234711258,-2.1845627574641195,0.003391884968369419,9.636392141364311,1.0
0,1,5.379783868594495,18.54029724350885,3.446290352246554,-2.1789213376997916,0.002259966923231976,9.694422489472633,1.0
0,1,5.349695137500393,18.54823920498378,3.467158170371987,-2.1770554034209275,0.0011273790236429498,9.75312370865736,1.0
0,1,5.326793514769346,18.58189979015942,3.488383722522428,-2.1788504840107805,-3.699565013769885e-05,9.812831234456679,1.0
0,1,5.311231622538394,18.64161443457396,3.509847764022873,-2.184372215613914,-0.0012389685972148644,9.873209631332397,1.0
0,1,5.307731782519427,18.73376212289108,3.529523135398282,-2.1948340816322904,-0.0019157825572034607,9.928556495135137,1.0
0,1,5.3296906678266245,18.875455776996816,3.5415668475735327,-2.2135499220939376,-0.0008089437411364649,9.962435484493183,1.0
0,1,5.359413350438418,19.04590695767974,3.553729804423785,-2.236399891018708,-0.0005879123959668901,9.996649909389419,1.0
0,1,5.397112057380546,19.24680997094459,3.5661312506240432,-2.26361135909513,-0.0012405583861396085,10.031535205362056,1.0
0,1,5.443530130638808,19.479850558639228,3.5785326968243,-2.295462102028882,-0.0019234244707086311,10.066420501334688,1.0
0,1,5.498866459186283,19.746723026768386,3.59105338769956,-2.3321794905084907,-0.00262790670757904,10.101641232845521,1.0
0,1,5.566354175214423,20.052132037023696,3.6023816318247954,-2.3746320255407154,-0.0030254403078002947,10.133507608974375,1.0
0,1,5.659932344567774,20.41420823678166,3.6067936847998863,-2.42626324889775,-0.001645991132586672,10.145918723887714,1.0
0,1,5.77312497519661,20.82660118856813,3.6075091528499015,-2.4856916604538086,0.000735979727650925,10.147931337116908,1.0
0,1,5.896760163400658,21.27824151962257,3.6084631102499207,-2.5507512674382626,0.003139815556080546,10.150614821422495,1.0
0,1,6.032128222111591,21.773185858311887,3.6095363123249435,-2.6220448851896814,0.004239231686199465,10.153633741266283,1.0
0,1,6.179751503867907,22.314143381412315,3.6108480037499713,-2.699946387813145,0.004684193981701722,10.157323532186462,1.0
0,0,3.9595000841232864,2.6776218646646868,0.6762525085935354,-0.6037045811013988,0.7025515081870463,3.6900135292059,1.0
0,0,4.501502981573048,3.80227131293135,0.8446670653104063,-0.7334984282410613,0.3298657370030787,3.905203802376873,1.0
0,0,4.783804292112197,3.906979250745685,0.8167096754329458,-0.7663999935611314,0.4670724543279844,3.775946595913083,1.0
0,0,5.022928880806392,3.9877991478717734,0.7939190943176492,-0.792095832685143,0.5301151734691891,3.6705774301375387,1.0
0,0,5.0844239800644635,5.532631440181182,1.0881530458266455,-0.8696706019066676,0.1923576899204139,4.068875405210492,1.0
0,0,5.292370723794322,5.598796148745084,1.0578994633866223,-0.8885371922536263,0.28653056785838726,3.95574972129881,1.0
0,0,5.2730952161579845,5.567176680205062,1.0557701789920166,-0.8827667184385977,0.27352010401855054,3.947787796331419,1.0
0,0,5.2567606332789385,5.540603499396243,1.0539957753298452,-0.8779142328296974,0.2938708584838072,3.941152858858593,1.0
0,0,5.138458288347721,5.469251867974966,1.064376036753548,-0.8619213944944383,0.25243425886096565,3.979967243074624,1.0
0,0,4.94674895726117,5.363070503485909,1.0841606375867598,-0.8372730809778908,0.21893070530215528,4.053946795896634,1.0
0,0,4.758373670995635,3.803022900346612,0.7992274594842556,-0.7449540405557951,0.5484800259487383,3.6951199376939545,1.0
0,0,4.51530871852689,3.694088026659087,0.8181252394773743,-0.7132509989375464,0.4547508050318546,3.7824912645947935,1.0
0,0,4.166232615093735,3.5341182775728854,0.8482767536236986,-0.6661001173182637,0.32800025884930095,3.9218927075152368,1.0
0,0,3.5052866885328235,2.408301887908174,0.6870484790264603,-0.5192087932325407,0.6602408977045726,3.748922407845408,1.0
0,1,3.015675931669342,5.75797197609506,1.909347060679596,-0.7530773354537696,0.0047397381908672745,7.139524467634326,1.0
0,1,3.094499478126711,5.9351043051876715,1.9179529184411275,-0.7860536500525477,-0.0012202323530143776,7.171703914377531,1.0
0,1,3.1616395578868777,6.071729851842025,1.9204370835681672,-0.8123016831539427,-0.0027700341274228516,7.180992826839488,1.0
0,1,3.169738778155271,6.12046783176034,1.930906065174979,-0.81978994608221,-0.009855267297487159,7.22013895792916,1.0
0,1,3.1961195781662464,6.164317670650406,1.9286880605972647,-0.828804243284792,-0.00872120592612853,7.211845286088127,1.0
0,1,3.174468780503019,6.133262334851122,1.9320594275553906,-0.8220678191980586,-0.011482204752142877,7.224451667286497,1.0
0,1,3.167096069577923,6.092324211596186,1.923631010160076,-0.815706502311321,-0.007243500075200812,7.1929357142905745,1.0
0,1,3.1254368989654018,5.992777085770457,1.917420597342476,-0.7974428978611614,-0.004486732954587991,7.169713433135684,1.0
0,1,3.044383587125001,5.822508391353212,1.912540987271504,-0.7650804895491052,-0.0027674643722157975,7.151467355085412,1.0
0,1,3.1293366135000413,20.299588252389743,6.486866310519865,-1.2952631703286723,0.00875468050819998,12.02554206136882,1.0
0,1,3.3168852342373416,21.57490241678881,6.504567054081258,-1.4131936081799084,0.008522326320825361,12.058356216312918,1.0
0,1,3.3619153635777366,21.927312314263162,6.522267797642653,-1.4445803574144063,0.008156905655816934,12.091170371257013,1.0
0,1,3.2418703938068,21.202321972801577,6.540151023096432,-1.3749187240675842,0.007666410062912891,12.124322816458267,1.0
0,1,3.1297243544456386,20.531121803227485,6.560041549366452,-1.3101129363704984,0.006513249265432823,12.161196454488232,1.0
0,1,3.0234520790049544,19.906247269446574,6.583946677268952,-1.249274789843452,0.004915077296946823,12.205512478175626,1.0
0,1,6.252778997861677,20.34622203812785,3.2539486914675604,-2.4673845303724375,0.004179272494145279,9.153364966358582,1.0
0,1,6.157742973350935,20.069287925151503,3.259195457167669,-2.4266498240702328,0.006296399925333642,9.168124130039313,1.0
0,1,6.072221729436773,19.823141080295272,3.2645614675427805,-2.390342253064245,0.009088483388580683,9.183218729258238,1.0
0,1,5.975996592517134,19.58596962941938,3.2774398924430486,-2.354245872974924,0.009864666715516815,9.219445767383668,1.0
0,1,5.878239590887165,19.365812606564788,3.2944918809684025,-2.320003157961348,0.009444676102430511,9.267413049346041,1.0
0,1,5.786973601227163,19.17071760992928,3.312736316243781,-2.289206177165448,0.008713763370128604,9.318734686690402,1.0
0,1,5.70422203582205,19.002694398023095,3.3313384855441672,-2.2622655491269947,0.00793228521194415,9.371062630649357,1.0
0,1,5.629768603074541,18.861404680589075,3.3502983888695614,-2.239132439373804,0.007102354340955912,9.42439688122291,1.0
0,1,5.563195759098063,18.74583358685576,3.369616026219962,-2.2196603444893306,0.006226111056247905,9.478737438411052,1.0
0,1,5.504197024366905,18.655983971542106,3.3894106422703727,-2.203832462801191,0.005228846319402543,9.53441973775199,1.0
0,1,5.041897015852042,16.813700930818683,3.334796581119239,-1.9457704311355675,0.0022902471087760455,9.380790261257111,1.0
0,1,4.999455280525351,16.770532516273548,3.3544719524946474,-1.9366985082809818,0.0011609075710588134,9.436137125059846,1.0
0,1,4.964827460849165,16.752059290500775,3.374147323870056,-1.931191501895712,0.0001369336552189794,9.491483988862592,1.0
0,1,4.937977333711427,16.75861954375753,3.3938226952454644,-1.9292982464519406,-0.0007857881679373159,9.546830852665327,1.0
0,1,4.919580780872201,16.791219582658375,3.413140332595866,-1.93121565038336,-0.0015954170493079614,9.601171409853475,1.0
0,1,9.269161050326263,18.83701631332844,2.0322245142849686,-3.2882673965417757,-0.0006117032461960648,7.598993887627516,1.0
0,1,4.90596242642523,16.93252640416324,3.4514178732716605,-1.9460886195043876,-0.002921952714404945,9.708846217615168,1.0
0,1,4.927363326397621,17.063383351164163,3.4629846067469003,-1.963308963545727,-0.0017095584828777778,9.741383464820418,1.0
0,1,4.957744161087397,17.222980696428536,3.4739551168471285,-1.984764246084481,-0.0009302213792008231,9.772243534334672,1.0
0,1,4.997156773771098,17.41233616544677,3.484448648247346,-2.010584168864816,-0.0012115301945337974,9.801761861696132,1.0
0,1,5.044582512587428,17.631125741556524,3.4950614243225657,-2.0406358890526395,-0.00148254052104441,9.831615624595786,1.0
0,1,5.100157084000749,17.880705440505324,3.5059126897477926,-2.0750979428642946,-0.0018133819476837069,9.86214025857185,1.0
0,1,5.1645451716742015,18.163102149117204,3.5168831998480194,-2.114280138805264,-0.002133397202208484,9.893000328086103,1.0
0,1,5.251847785661639,18.496437950611714,3.5218914761981233,-2.1616764236648827,-0.0009060072776944214,9.90708862069044,1.0
0,1,5.359304449319079,18.87872306951133,3.5226069442481385,-2.216758567196707,0.0014688818572125212,9.90910123391963,1.0
0,1,5.479162361913552,19.301588745674838,3.5227261889231403,-2.2777848557523317,0.004092211800223456,9.909436669457826,1.0
0,1,5.609488134884097,19.763366365568128,3.5232031676231506,-2.3443767035917857,0.005885236216707594,9.910778411610622,1.0
0,1,5.751681399445632,20.26777141258198,3.523799390998163,-2.4171048932538417,0.006753369551211935,9.912455589301613,1.0
0,1,5.906578476407752,20.81852793426407,3.524634103723181,-2.496489802260122,0.006810484803659169,9.914803638069003,1.0
0,1,6.07380019669725,21.417338800775997,3.5261842844982128,-2.582708396282012,0.0067090564471492704,9.919164300065582,1.0
0,1,6.252540862320592,22.066250881974455,3.529165401373275,-2.6759528721183115,0.006250639664387459,9.927550188520543,1.0
0,1,6.441924831324698,22.767649337973268,3.5342929223983814,-2.7764642610400054,0.005243499319169529,9.941973916663073,1.0
0,1,6.2104005875602875,21.985662144658313,3.5401359114735023,-2.662735679407558,0.0040930252836379475,9.958410258034798,1.0
0,1,5.870089927564521,20.818714912295032,3.5465751239236365,-2.4933494600696235,0.002836634417250115,9.976523777097515,1.0
0,1,5.558561812267199,19.754289610882623,3.553849049098788,-2.3386424740962823,0.0014158267198653507,9.996985344927616,1.0
0,0,3.667766977455854,4.614567707121384,1.2581409166626714,-0.6567667672367687,0.49536389394593955,4.704502415107215,1.0
0,0,3.9035201727031636,4.745636998589655,1.2157326691367731,-0.6907118789839608,0.5588467322227318,4.545927409506675,1.0
0,0,4.177683721463571,7.492424725941021,1.7934399120372366,-0.8226867593011652,0.208238823099341,5.04495049450429,1.0
0,0,4.366282190666726,7.569816141660717,1.7336983298609967,-0.842482829183124,0.27401880176390436,4.876897289866881,1.0
0,0,4.402127547022146,7.5385235882851696,1.7124727777105557,-0.8410295898985485,0.3439391169927465,4.81718976406756,1.0
0,0,4.3258912897837805,7.436858085142923,1.7191504795106944,-0.8253895201182438,0.32456001447375615,4.8359741542066725,1.0
0,0,4.210731823666744,7.317210380009996,1.7377526488110808,-0.805432221601874,0.2844979965504312,4.888302098165626,1.0
0,0,3.9417206175733788,7.095090683325783,1.7999983691623729,-0.7643821625058204,0.19088174905814803,5.063399449105202,1.0
0,0,3.751420001581824,4.556064278203745,1.2144905865732534,-0.6538603961731753,0.7806707867718737,4.541282953275698,1.0
0,0,3.4830388713423415,4.3722652112762965,1.2553018708031969,-0.6099099025598778,0.6055512012711896,4.693886515150693,1.0
0,1,3.494829143846345,6.570521332460583,1.8800694002537668,-0.9178013240604355,-0.003890773757090772,7.030047999332698,1.0
0,1,3.671676129049414,6.89649090229831,1.878294996591595,-0.9819324263888869,-0.00299302296857349,7.0234130618598725,1.0
0,1,3.797546940611354,7.123816603253796,1.8758995516476638,-1.0268829716494519,-0.0018674397928424224,7.014455896271557,1.0
0,1,3.873254656763922,7.255871234031815,1.8733266663375152,-1.0532261288348517,-0.0009143603448052151,7.004835236935959,1.0
0,1,3.90793857685325,7.310097442618693,1.8705763406611493,-1.064374977462445,-0.00029612359429738303,6.994551083853079,1.0
0,1,3.901782785285866,7.287505224293569,1.8677372948016753,-1.0605097874753393,0.00031324733136728057,6.983935183896558,1.0
0,1,3.8560420898653907,7.190099814956528,1.8646320883928746,-1.0420576527220928,0.0008870843663917502,6.972324043319111,1.0
0,1,3.7604094063000875,6.999435948671208,1.861349441617858,-1.0053919467610684,0.001438360499122158,6.960049408994386,1.0
0,1,3.612616881902359,6.71216295872019,1.857978074659732,-0.9498396696560365,0.002061196302937542,6.947443027796015,1.0
0,1,3.0505849538114806,19.36733264221101,6.348727517984037,-1.22079629325982,0.01265248974466115,11.769456336701998,1.0
0,1,3.2186653126221145,20.50726021043787,6.371355272639841,-1.3255690748175848,0.010295698455766533,11.811404328589298,1.0
0,1,3.1963056541542865,20.439457174329256,6.394712954865185,-1.3170206423264652,0.007938756665208735,11.85470548150522,1.0
0,1,7.181183899937221,22.63162684368723,3.1515175156404336,-2.812084702318314,0.00446705088892012,8.865225839046133,1.0
0,1,6.980482298976051,21.994950306125517,3.150921292265421,-2.720262234032937,0.005980910147474314,8.86354866135514,1.0
0,1,6.796307460970342,21.411388193656194,3.150444313565411,-2.636089976207817,0.007149652993676947,8.862206919202348,1.0
0,1,6.634486910900989,20.89920818016568,3.150086579540404,-2.5622049903408017,0.008291738410895765,8.861200612587755,1.0
0,1,6.577858656279665,20.72160864987793,3.1502058242154063,-2.536550090772658,0.00933902240278719,8.861536048125954,1.0
0,1,6.428955371773768,20.263265317497424,3.151875249665441,-2.4701441575521472,0.0099428956546178,8.866232145660732,1.0
0,1,6.285406410413254,19.83779894387809,3.15616805796553,-2.408105531340925,0.009704815950398349,8.878307825035872,1.0
0,1,6.153897373521565,19.449885643521988,3.1605801109406215,-2.3514707298695656,0.009477009137173326,8.890718939949215,1.0
0,1,6.032537967493131,19.09581278775728,3.165469142615723,-2.2996521689269196,0.009145598630523551,8.904471797015347,1.0
0,1,5.91893898138867,18.772214602326134,3.17155062104085,-2.2520606937568672,0.008439282959100314,8.921579009463471,1.0
0,1,5.816318788216488,18.481427717120148,3.1775128547909732,-2.209222964060892,0.007823240794127108,8.938350786373391,1.0
0,1,5.723114515221399,18.220074939005652,3.1835943332161,-2.1706170317724025,0.009548131027761173,8.955457998821508,1.0
0,1,5.639176705759566,17.987817977725502,3.1897950563162287,-2.136194062419218,0.01163185504202132,8.972900646807826,1.0
0,1,5.539729975102371,17.757139700271583,3.205416108741553,-2.100639098836573,0.011028506694230441,9.016842702311827,1.0
0,1,5.44271589438894,17.545468481035456,3.2236605440169326,-2.0674492289037354,0.009654466558564058,9.068164339656182,1.0
0,1,5.353235095125791,17.35850957888543,3.242620447342325,-2.0377234654059215,0.008181081888879279,9.12149859022973,1.0
0,1,5.27288475762148,17.19793731679354,3.2615803506677192,-2.0118067907383335,0.006831004954464243,9.174832840803283,1.0
0,1,5.200905914002085,17.06240138845012,3.2806594986681157,-1.989487065339862,0.005563329930682022,9.22850252691503,1.0
0,1,5.136771368213719,16.951228068059827,3.299977136018517,-1.9706498185937589,0.004296437919324781,9.282843084103177,1.0
0,1,5.080925129641875,16.865088226699065,3.3192947733689175,-1.9554263227891557,0.003142290686103484,9.337183641291318,1.0
0,1,8.689630011723873,16.881395054013673,1.942705849528419,-2.92311890832087,0.0011213544219838233,7.26426129212345,1.0
0,1,8.638408594758026,16.859293428074643,1.9516665880223851,-2.9170407990859593,0.00010928279327807982,7.297767726361224,1.0
0,1,8.597830512577026,16.85866705390943,1.960804766882568,-2.9151301261220106,-0.0009369989961169821,7.331937654346277,1.0
0,1,8.569548272400892,16.881521167418114,1.9699429457427509,-2.9178139832775822,-0.001892049003821001,7.366107582331328,1.0
0,1,8.553052569242405,16.92718489752427,1.9790811246029338,-2.924961098263542,-0.0027586920034147126,7.400277510316385,1.0
0,1,8.547970015864477,16.995997368430693,1.9883080236462254,-2.9366204687338735,-0.003673016347232321,7.43477918517508,1.0
0,1,8.553807305008208,17.087287709060973,1.9976236428726255,-2.952660822399446,-0.0046332567920660235,7.4696126069074165,1.0
0,1,8.573424376553621,17.20406008460066,2.0066731015497,-2.973739438523679,-0.0053295510028087195,7.503450788018825,1.0
0,1,8.61099263847405,17.34896847003887,2.0147466382125803,-3.000514514187768,-0.005297864643707341,7.533639753520182,1.0
0,1,8.681185559712526,17.531980026243097,2.019537528100443,-3.035387734483863,-0.0035017414343030944,7.551554084696814,1.0
0,1,8.763920132682408,17.741830114167765,2.024417138171415,-3.075495207854537,-0.0025478623298099672,7.569800162747082,1.0
0,1,8.86008677345674,17.980531347042035,2.029385468425495,-3.121230751167179,-0.002805865501989218,7.588377987671,1.0
0,1,8.970458508574463,18.24908634281597,2.0343537986795748,-3.172807911346065,-0.003133645215352848,7.606955812594909,1.0
0,1,9.095524529261386,18.549511403383313,2.0394108491167633,-3.230603866768,-0.003447123398036174,7.625865384392463,1.0
0,1,9.23548764438171,18.88247739982046,2.044556619737061,-3.2947498897221115,-0.0038172437987283665,7.645106703063661,1.0
0,1,9.391690281501567,19.251003251971206,2.0497911105404665,-3.3658367055094827,-0.004243104449666241,7.6646797686084955,1.0
0,1,9.567428481309577,19.658763996097484,2.0547594407945464,-3.444652865682661,-0.004490976176377769,7.683257593532406,1.0
0,1,9.78059038120434,20.116718345023145,2.0568000050060435,-3.533863517729828,-0.0028081106759108255,7.690887771626161,1.0
0,1,10.020973743290714,20.62091853424551,2.057775927020238,-3.6323316196139244,-0.00046402343568342866,7.694536987236214,1.0
0,1,10.288008134193113,21.17406649139293,2.058130807752672,-3.74049906803854,0.0024154901149893953,7.695863974730777,1.0
0,1,10.578613289449526,21.77686259685828,2.058574408668215,-3.8583640273681263,0.004690969898129092,7.697522709098985,1.0
0,1,10.894528349242792,22.432996641561747,2.059106729766867,-3.9866484951928927,0.005734124835551696,7.699513190340834,1.0
0,1,6.178822109916638,21.267490526815184,3.4419975439464654,-2.5732297126400994,0.007826572894976054,9.682346810097492,1.0
0,1,6.116586005149178,21.089013152265913,3.4478405330215858,-2.546621829381065,0.006489837678862905,9.698783151469215,1.0
0,1,5.8040542841669245,20.03567720664674,3.452014096646673,-2.3939632244716798,0.005726284212268709,9.710523395306163,1.0
0,1,5.517659262422727,19.07335561379722,3.456783883646772,-2.2543570842174496,0.004801940316876435,9.7239408168341,1.0
0,1,5.254051559480851,18.191567085183447,3.462388383371888,-2.1262559366359586,0.004027013508711641,9.739706287129422,1.0
0,1,5.011336964862132,17.382866380429036,3.4687083511470194,-2.008602225011573,0.003185361409303708,9.757484370653941,1.0
0,1,4.787410158437499,16.639811113876565,3.475743786972165,-1.900321590956283,0.0026860933499123964,9.777275067407647,1.0
0,1,4.58060612830414,15.955970915921114,3.4833754461723236,-1.8005029811710012,0.0021503922083984436,9.798742941852346,1.0
0,1,4.3892714633447865,15.325594852191042,3.491603328747494,-1.70831620962863,0.0015390606680491846,9.821887993988035,1.0
0,0,3.046147921184087,6.240773503123746,2.048742761217537,-0.6051478111567932,0.9159349350203224,5.763117981787113,1.0
0,0,3.3372896729779766,11.349229607981986,3.4007325464962364,-0.7453560237103014,0.3450827297646959,6.304377232352576,1.0
0,0,3.335820675264205,11.305884146868738,3.3892361872759498,-0.7423694314322835,0.35769263760210646,6.283064946151769,1.0
0,0,3.191835740598451,11.086978124348178,3.473542821558052,-0.7139362095961516,0.27795375675899003,6.439355044957677,1.0
0,1,6.08817577156224,18.667189082849788,3.066138328338661,-2.252116527071422,0.00899317904962977,8.625053993696065,1.0
0,1,6.33721613542763,19.460252779661957,3.0707888706637583,-2.3659292646440755,0.007240614765724964,8.638135979685803,1.0
0,1,6.611384395795776,20.329758655715462,3.0749624342888446,-2.4908457996194824,0.005668268376490182,8.64987622352275,1.0
0,1,6.913358687224972,21.285522837905745,3.078897508563927,-2.6282487283461657,0.004193944090731943,8.660945596283296,1.0
0,1,7.244778562536246,22.327528197919055,3.0818786254389883,-2.7782388608584196,0.0030810815770241358,8.669331484738255,1.0
0,1,7.049945329192463,21.746411194661675,3.0846212529640455,-2.693954799184258,0.0020531436170031048,8.677046502116822,1.0
0,1,6.8136680220861505,21.037085038661267,3.087483125164104,-2.591145670880584,0.0012710847143314332,8.68509695503358,1.0
0,1,6.596512483320744,20.38628595186774,3.0904642420391664,-2.496768104592082,0.000594527163992167,8.693482843488542,1.0
0,1,6.396698897836937,19.788601290166596,3.0935646035892312,-2.4100407487638345,0.0004705415037120488,8.702204167481701,1.0
0,1,6.255141505022796,19.371569335224496,3.0969034544893,-2.3493573977362288,0.0003201733361932888,8.711596362551258,1.0
0,1,6.153516145904463,19.076657308396626,3.100123060714368,-2.3063200928388534,0.0002508357500162692,8.720653122082615,1.0
0,1,11.056528451084118,20.37112342893889,1.8424520426157323,-3.6255864844663495,0.010374877557404976,6.88938732490879,1.0
0,1,10.815510674830998,19.94721037061178,1.8443151664610118,-3.542272989434464,0.010148580373827919,6.896354009255258,1.0
0,1,10.59445833079481,19.56019891015106,1.8462670104894006,-3.466162831814093,0.009936856503040981,6.903652440475363,1.0
0,1,10.386282365825316,19.2044161527238,1.8490173361657665,-3.3960070892229623,0.009081152387310417,6.913936593558243,1.0
0,1,10.197325700282699,18.88217326045183,1.8516789416590236,-3.3324315995788707,0.00966381800514091,6.923888999767486,1.0
0,1,10.024895000461743,18.590458690820476,1.8544292673353893,-3.2748123605995714,0.011895419743632733,6.934173152850361,1.0
0,1,9.861361018325866,18.32394236186412,1.8581555150259492,-3.2219328090661765,0.013780143841984402,6.948106521543298,1.0
0,1,9.685648038323292,18.071341191214422,1.8657854507732865,-3.1710122458741905,0.012708576956691312,6.976636752676452,1.0
0,1,9.521115457126236,17.842917199966912,1.8740364278023838,-3.1247010156567576,0.011321582441013694,7.007489211925091,1.0
0,1,9.36891942874132,17.63832388658973,1.8826422855639153,-3.082983397741069,0.009760570326517557,7.039668658668295,1.0
0,1,9.230802205862465,17.458556491703767,1.8913368635085552,-3.0461062160325723,0.008325300100217124,7.072179852285144,1.0
0,1,9.107013152061434,17.303611326644496,1.9000314414531956,-3.014086109021851,0.006916155430359925,7.104691045901988,1.0
0,1,8.996237288954292,17.172150337923668,1.9088147395809443,-2.9866438936400663,0.0056262703270088645,7.13753398639248,1.0
0,1,8.89796135069711,17.063502654464894,1.9176867578918015,-2.9636482975980853,0.004371852996406327,7.170708673756607,1.0
0,1,8.812778342607919,16.97833545868001,1.926558776202659,-2.9452472316756237,0.003139049520905576,7.2038833611207345,1.0
0,1,8.739416249043659,16.915310697080777,1.9355195146966246,-2.931161512803839,0.0020178553802853018,7.237389795358506,1.0
0,1,18.48625149175432,17.02402925008981,0.9209021773658805,-4.857440009447103,-2.066243913023832e-05,5.024959538594096,1.0
0,1,18.419261461478676,17.017756258073156,0.9239108904373515,-4.854640222458692,-0.0011055865301448165,5.041376767067398,1.0
0,1,18.37494741499637,17.032098972403894,0.9269196035088223,-4.858059075886057,-0.0019927416079973414,5.057793995540704,1.0
0,1,18.35344114402225,17.067384626516098,0.9299283165802931,-4.867795278307226,-0.0030541193467543536,5.07421122401401,1.0
0,1,18.352665648726415,17.122964080535052,0.9329960240257144,-4.883635224028343,-0.00408085283362671,5.0909503589279685,1.0
0,1,18.37496781781255,17.200140941203642,0.9360637314711354,-4.905989935899321,-0.00509579163433962,5.107689493841927,1.0
0,1,18.42127301472914,17.298909881528445,0.9390724445426065,-4.934875602457961,-0.005762673081659808,5.1241067223152355,1.0
0,1,18.48836083662583,17.41862708862816,0.9421401519880278,-4.9700624294726,-0.0067574116409858205,5.140845857229192,1.0
0,1,18.579593572226795,17.561577869547957,0.945207859433449,-5.012257565527247,-0.007740906773415872,5.15758499214315,1.0
0,1,18.69439180975773,17.72743499085372,0.9482755668788703,-5.061362302043864,-0.008538102386786308,5.174324127057111,1.0
0,1,18.83575383700436,17.91815652615657,0.9512842799503411,-5.117985079028427,-0.009174652089989218,5.190741355530416,1.0
0,1,19.007508311847257,18.13536798864004,0.9541160098999606,-5.182651816446674,-0.009350152162264362,5.206192864681759,1.0
0,1,19.222526790915996,18.383613357427315,0.956357796110076,-5.256857754155609,-0.008353190404563515,5.218425309426576,1.0
0,1,19.482780125742394,18.663541772393145,0.9579506442067374,-5.34081649784909,-0.0058431193427218725,5.227116783324207,1.0
0,1,13.474123201619618,18.077848452154516,1.3416716013092058,-4.1506430161283685,-0.0022787294459339137,6.203036976525557,1.0
0,1,13.691330355924574,18.41578341462003,1.3450689550158337,-4.233609765452439,-0.003825194217392667,6.218744181361666,1.0
0,1,13.930107401468819,18.787238351641985,1.3486786433291262,-4.324836951097975,-0.005646962575858895,6.235433086500027,1.0
0,1,14.208885241354842,19.20043020658897,1.3512974368113184,-4.4266608159726575,-0.005956444949802896,6.247540723561191,1.0
0,1,14.515252868703396,19.652436445751974,1.353916230293511,-4.538110813159838,-0.006378539288142374,6.259648360622355,1.0
0,1,14.85023543920204,20.14591555755969,1.3566058019779252,-4.65982870579783,-0.006781611110261697,6.272083231117607,1.0
0,1,15.219394740514073,20.685498457924446,1.3591538172578959,-4.79301564060737,-0.006988031181668772,6.283863634744688,1.0
0,1,15.64478635926167,21.281388058017107,1.3602862684934387,-4.940517942249905,-0.0051295447854534946,6.289099369690057,1.0
0,1,16.111936327052636,21.931670605068263,1.361206385122317,-5.1015625858856035,-0.0030722098694000457,6.293353404333169,1.0
0,1,16.631747237817155,22.64394919653435,1.3614894979312029,-5.278140491780175,3.2343107523770004e-05,6.294662338069513,1.0
0,1,10.827937813564512,22.02305313976364,2.0339101977640324,-3.911363366294834,0.009934143507443512,7.605297078226708,1.0
0,1,10.33696919617673,21.067570658670522,2.0380800463701347,-3.7235839813729132,0.007356544771431611,7.620889181287846,1.0
0,1,9.910021409636906,20.206209083222543,2.0389672482012204,-3.554863977225278,0.007174973685706715,7.624206650024259,1.0
0,1,9.51698689679516,19.416645467607257,2.0402093307647404,-3.4001235540521195,0.006738775908980716,7.628851106255236,1.0
0,1,9.154723029032374,18.692171101060687,2.0418062940606947,-3.258049988962142,0.006126462362197298,7.634822549980779,1.0
0,1,8.81984690979276,18.026416397021634,2.043846858272192,-3.1273795567180405,0.00527794072479225,7.642452728074528,1.0
0,1,8.51040275454282,17.41434613375254,2.046242303216123,-3.007144353641926,0.004260742737680527,7.651409893662844,1.0
0,1,4.36747068948445,14.956266135889939,3.4244685767211007,-1.664692479917507,0.007621346236577629,9.633037785982326,1.0
0,1,4.199014247280615,14.418948440067245,3.433888906046297,-1.5857671715014745,0.006276442941914468,9.659537193500002,1.0
0,1,4.049086576235085,13.931634898486521,3.440685852521437,-1.5144390017608462,0.005736635562086255,9.678657019177312,1.0
0,1,3.9102388902516427,13.481880139606957,3.4478405330215858,-1.448481053415319,0.00526802854590844,9.698783151469215,1.0
0,1,3.781760164589284,13.067316131628436,3.4553529475467424,-1.3875514851596134,0.004786178740010833,9.719915590375718,1.0
0,1,3.6630642719026243,12.685571988031946,3.4631038514219026,-1.3313252573608392,0.0043246931714880895,9.741718900358613,1.0
0,1,3.0153780249638533,9.177607827751078,3.043601084763193,-0.8854850984351823,0.0021474038615257886,8.561656676976561,1.0
0,1,3.0205828579506395,9.168956450433097,3.0354924468630253,-0.8854067503526082,0.0020718306860548243,8.53884706037907,1.0
0,1,4.900460422482681,14.775970450822319,3.015220852112604,-1.6977432455531236,0.01771271825615654,8.481823018885335,1.0
0,1,5.031033340852742,15.197273138053129,3.0207061071627175,-1.7577692864906396,0.015967411809351316,8.497253053642462,1.0
0,1,5.172547630511867,15.65681975265627,3.026906830262846,-1.8232128127504745,0.013747342649625672,8.514695701628783,1.0
0,1,5.326702515702747,16.159002358536846,3.0335845320629855,-1.8947422758157626,0.011111994819003755,8.533480091767897,1.0
0,1,5.494995055100505,16.707536439085658,3.04050072321313,-1.9729284582252757,0.00846191338333799,8.552935352983406,1.0
0,1,5.67873249270867,17.30681976764575,3.0476554037132773,-2.058406208117387,0.005943644244756262,8.573061485275305,1.0
0,1,10.793178269631333,19.65609588862074,1.8211591986696742,-3.489840370428804,0.003007316214003093,6.809768075234876,1.0
0,1,11.185614561290963,20.382693528333206,1.822223840866977,-3.631808597668617,0.0021766729612531168,6.813749037718572,1.0
0,1,11.61213505378356,21.176393030343593,1.8236433637967147,-3.7868374998590024,0.0011596680506189485,6.819056987696832,1.0
0,1,12.077624119929888,22.04456659916314,1.8252403270926691,-3.9564043491615477,0.0001781110453545945,6.825028431422376,1.0
0,1,12.278811193905572,22.43139017066795,1.8268372903886232,-4.031783331013953,-0.0002285262061924792,6.83099987514792,1.0
0,1,11.848928293805638,21.664986361846587,1.8284342536845775,-3.8815052478534087,-0.0006333617792855207,6.83697131887346,1.0
0,1,11.454068429217449,20.96231899394747,1.83011993716364,-3.7436813936695437,-0.00021514863245784802,6.843274509472647,1.0
0,1,11.088207016973662,20.316358675326676,1.8322492215582462,-3.616866855464165,-0.0002152427599364751,6.85123643444004,1.0
0,1,17.103315557847452,20.8600584896837,1.2196499806794803,-4.870904815258875,0.0077859103025365705,5.63888653616208,1.0
0,1,16.926040074534324,20.671398327691577,1.2212778793305732,-4.8237125671725725,0.006305399005449345,5.646412905146053,1.0
0,1,16.491794172319505,20.167910382613883,1.2229057779816657,-4.698441690329345,0.004840753045835205,5.653939274130016,1.0
0,1,16.09349397891919,19.70588628330178,1.2244628984305366,-4.58347157682269,0.0036403586807029166,5.661138409679899,1.0
0,1,15.72903931241746,19.2830038016398,1.2259492406771866,-4.47822630420656,0.002565092564837334,5.668010311795692,1.0
0,1,15.39438688134391,18.895618235457427,1.2274355829238366,-4.381784417551431,0.0016306737196008021,5.674882213911493,1.0
0,1,15.089214124564286,18.542398083820565,1.2288511469682648,-4.293833252259588,0.004526912250341834,5.681426882593206,1.0
0,1,14.810360812072421,18.220693885179617,1.2302667110126932,-4.2136981773069495,0.007599476634134546,5.6879715512749165,1.0
0,1,14.53574036219449,17.922961216792416,1.2330270608993288,-4.139174631170387,0.008875309340056578,5.700733655204251,1.0
0,1,14.267585227391926,17.64785955084571,1.2369198620215067,-4.069982817137933,0.00867637662890268,5.718731494078954,1.0
0,1,14.016389555430637,17.397665981059426,1.2412373323570132,-4.006862997084424,0.007913924030043209,5.738692733558172,1.0
0,1,20.089912137732128,17.984100210598825,0.8951806303235023,-5.154800139909225,0.011518473314584183,4.884608330469364,1.0
0,1,19.807277355205603,17.788348406259775,0.8980713546470723,-5.094880463318093,0.009847251609813644,4.900381746061367,1.0
0,1,19.554244642754135,17.61647931561554,0.900903084596692,-5.042182701460817,0.008376075694327984,4.915833255212715,1.0
0,1,19.32616405765132,17.46686742548255,0.9037938089202621,-4.99618093437166,0.006947840654898559,4.931606670804712,1.0
0,1,19.122841473614464,17.339512735860815,0.9067435276177825,-4.9568751620506175,0.005365518123474368,4.9477019928373664,1.0
0,1,18.946161407783624,17.23407735932938,0.9096342519413525,-4.9241990529952675,0.00417028166605474,4.963475408429364,1.0
0,1,18.792700764841154,17.14991748300693,0.9125839706388732,-4.897922812973945,0.002819965461935741,4.979570730462019,1.0
0,1,18.662746671197432,17.086373313031878,0.9155336893363933,-4.877865213368402,0.0016777195330447182,4.995666052494669,1.0
0,1,18.554886667964364,17.04345017639764,0.9185424024078644,-4.864010065640832,0.0005719592021813958,5.012083280967977,1.0
1,0,3.2554831424701485,13.816209810930346,4.243981371209645,-0.8976185148822653,0.4949175546017724,7.867616510668803,1.0
1,0,3.4108592987897293,14.073539965441324,4.12609806872861,-0.9328034823274047,0.6557465202323219,7.6490810045462565,1.0
1,0,3.4469610631103618,14.149534460060423,4.104930169211893,-0.9419147111782211,0.7107224646950336,7.609839334716203,1.0
1,0,3.397716723336779,14.102395328427011,4.150550642308268,-0.9332163459894935,0.6478183730059638,7.6944118990051145,1.0
1,0,3.227028894107104,13.90096765538921,4.307667551652186,-0.89959447229694,0.4158254236023902,7.985679810416122,1.0
1,0,3.01184264818829,4.717614287568223,1.5663548327818533,-0.6166207738323695,0.7899877234433703,5.856991054137078,1.0
1,0,3.8327991137155086,8.308546242321095,2.167748946870008,-0.8864653603208057,0.5890476186591387,6.097882648909142,1.0
1,0,4.0019118245566085,8.444172112493838,2.1100345241688103,-0.9143753309876417,0.6875675997030847,5.935531848421104,1.0
1,0,4.072330650506661,8.484468631282214,2.083442961643258,-0.9240310750629328,0.717735589570252,5.860729723402857,1.0
1,0,4.090942288940963,8.476413902347737,2.07199547284302,-0.9245208427514247,0.7576746682800268,5.828527911735805,1.0
1,0,4.020204174405057,8.388809565919013,2.0866625678683244,-0.9097572742809947,0.7209485106488285,5.869786482934213,1.0
1,0,3.9107428023093567,8.272787414469008,2.1154005345439217,-0.8888601783339658,0.7027723867265905,5.950626447640034,1.0
1,0,3.7050069329631827,8.069961681318489,2.1781232335952234,-0.8505264774627803,0.5123504080890159,6.127065540732404,1.0
1,0,3.5738181202681516,3.5787142690643146,1.0013700050286263,-0.6391923355624636,0.4592541395865268,4.629698625442265,1.0
1,0,4.336210441521477,5.639070156082133,1.3004604440054606,-0.8489548120050656,0.3200501384197919,4.8627456738341115,1.0
1,0,4.676145470684682,5.82226428202221,1.2450990497457113,-0.8956340180743019,0.48145906573737496,4.655735624681944,1.0
1,0,4.825270561841937,5.8876440038449465,1.2201686782922019,-0.9133053905524682,0.5603047961761332,4.562514753188739,1.0
1,0,4.903870634932622,5.909151987726772,1.2049975269806361,-0.9204825579837619,0.5598724647333062,4.505786037796077,1.0
1,0,4.920557783797111,5.89477229062243,1.1979886325150588,-0.9190402806682656,0.6012965930154247,4.479578034778416,1.0
1,0,4.9033191613869835,5.862810009215089,1.195681907754236,-0.9132374476898419,0.7094087346768327,4.470952616063743,1.0
1,0,4.755430012203888,5.763189808907715,1.2119177012631048,-0.8905673966879852,0.5527851149773281,4.5316622939401,1.0
1,0,4.614957431500431,5.666238338247701,1.2277986140395392,-0.8684889888049852,0.515600635484631,4.591044984321893,1.0
1,0,4.332887600063601,5.486364903835591,1.266214453325551,-0.8257753681722575,0.44045983419075124,4.734691380608572,1.0
1,0,3.5497966023343426,3.4639592334730036,0.9758190740266942,-0.6170693383556554,0.7755359080231704,4.511567355737385,1.0
1,0,3.065125279752981,3.169769615137061,1.0341403126571431,-0.5296451470593571,0.27819796925388557,4.781207705423873,1.0
1,0,3.0737374252985363,1.8067839947391837,0.5878133831043489,-0.43508358289810034,0.0,3.6624064319561187,0.0
1,0,4.068356140314413,2.802118191922627,0.688759315871022,-0.6374857450042315,0.6010628988398619,3.7582576946243464,1.0
1,0,4.785211562082172,4.071715210135345,0.8508955471058909,-0.7987769703740266,0.2744984830601169,3.9340003445764005,1.0
1,0,5.075792888960869,4.177422902010159,0.823008935430652,-0.8319089256566663,0.3869606330191649,3.8050703715466967,1.0
1,0,5.282705162472104,4.2445170486628765,0.8034741516175407,-0.8533932687319792,0.4527871257636524,3.7147539437390864,1.0
1,0,5.253979612632258,5.8882051084111815,1.120713353027492,-0.9328760445221485,0.12207303624789888,4.190626507836848,1.0
1,0,5.558239059572384,6.012709547033213,1.0817651926428282,-0.9648595322452349,0.21956573865203866,4.044989630308319,1.0
1,0,5.617911069108185,6.026421595852718,1.0727157339657536,-0.9693133763566155,0.22321220650321535,4.011151449196906,1.0
1,0,5.636658088677105,6.020527381146376,1.0681022844441082,-0.9690627634094378,0.26030179925835084,3.9939006117675593,1.0
1,0,5.3806365386641675,5.889804125336975,1.0946296191935716,-0.9382928499106531,0.16717010439320198,4.093092926986308,1.0
1,0,5.112425510466806,5.745438672398154,1.1238185594362917,-0.9043326997671719,0.1033896979212019,4.202237648414292,1.0
1,0,5.002342840608849,4.045807432444784,0.808782516784147,-0.8027959419263506,0.48458167127594654,3.739296451295502,1.0
1,0,4.736496209039677,3.9266741610259372,0.8290250826194726,-0.7682301417037716,0.3778384888595144,3.832885213443968,1.0
1,0,4.276386205567894,3.716242761497228,0.8690147668745741,-0.7061246482113268,0.24928279994926753,4.017772103702299,1.0
1,0,3.566924135767834,2.505571629381118,0.7024460106275168,-0.5439051982287595,0.4783535548266635,3.832939988855854,1.0
1,0,3.9595000841232864,2.6776218646646868,0.6762525085935354,-0.6037045811013988,0.7025515081870463,3.6900135292059,1.0
1,0,4.501502981573048,3.80227131293135,0.8446670653104063,-0.7334984282410613,0.3298657370030787,3.905203802376873,1.0
1,0,4.783804292112197,3.906979250745685,0.8167096754329458,-0.7663999935611314,0.4670724543279844,3.775946595913083,1.0
1,0,5.022928880806392,3.9877991478717734,0.7939190943176492,-0.792095832685143,0.5301151734691891,3.6705774301375387,1.0
1,0,5.0844239800644635,5.532631440181182,1.0881530458266455,-0.8696706019066676,0.1923576899204139,4.068875405210492,1.0
1,0,5.292370723794322,5.598796148745084,1.0578994633866223,-0.8885371922536263,0.28653056785838726,3.95574972129881,1.0
1,0,5.2730952161579845,5.567176680205062,1.0557701789920166,-0.8827667184385977,0.27352010401855054,3.947787796331419,1.0
1,0,5.2567606332789385,5.540603499396243,1.0539957753298452,-0.8779142328296974,0.2938708584838072,3.941152858858593,1.0
1,0,5.138458288347721,5.469251867974966,1.064376036753548,-0.8619213944944383,0.25243425886096565,3.979967243074624,1.0
1,0,4.94674895726117,5.363070503485909,1.0841606375867598,-0.8372730809778908,0.21893070530215528,4.053946795896634,1.0
1,0,4.758373670995635,3.803022900346612,0.7992274594842556,-0.7449540405557951,0.5484800259487383,3.6951199376939545,1.0
1,0,4.51530871852689,3.694088026659087,0.8181252394773743,-0.7132509989375464,0.4547508050318546,3.7824912645947935,1.0
1,0,4.166232615093735,3.5341182775728854,0.8482767536236986,-0.6661001173182637,0.32800025884930095,3.9218927075152368,1.0
1,0,3.5052866885328235,2.408301887908174,0.6870484790264603,-0.5192087932325407,0.6602408977045726,3.748922407845408,1.0
1,0,3.667766977455854,4.614567707121384,1.2581409166626714,-0.6567667672367687,0.49536389394593955,4.704502415107215,1.0
1,0,3.9035201727031636,4.745636998589655,1.2157326691367731,-0.6907118789839608,0.5588467322227318,4.545927409506675,1.0
1,0,4.177683721463571,7.492424725941021,1.7934399120372366,-0.8226867593011652,0.208238823099341,5.04495049450429,1.0
1,0,4.366282190666726,7.569816141660717,1.7336983298609967,-0.842482829183124,0.27401880176390436,4.876897289866881,1.0
1,0,4.402127547022146,7.5385235882851696,1.7124727777105557,-0.8410295898985485,0.3439391169927465,4.81718976406756,1.0
1,0,4.3258912897837805,7.436858085142923,1.7191504795106944,-0.8253895201182438,0.32456001447375615,4.8359741542066725,1.0
1,0,4.210731823666744,7.317210380009996,1.7377526488110808,-0.805432221601874,0.2844979965504312,4.888302098165626,1.0
1,0,3.9417206175733788,7.095090683325783,1.7999983691623729,-0.7643821625058204,0.19088174905814803,5.063399449105202,1.0
1,0,3.751420001581824,4.556064278203745,1.2144905865732534,-0.6538603961731753,0.7806707867718737,4.541282953275698,1.0
1,0,3.4830388713423415,4.3722652112762965,1.2553018708031969,-0.6099099025598778,0.6055512012711896,4.693886515150693,1.0
1,0,3.046147921184087,6.240773503123746,2.048742761217537,-0.6051478111567932,0.9159349350203224,5.763117981787113,1.0
1,0,3.3372896729779766,11.349229607981986,3.4007325464962364,-0.7453560237103014,0.3450827297646959,6.304377232352576,1.0
1,0,3.335820675264205,11.305884146868738,3.3892361872759498,-0.7423694314322835,0.35769263760210646,6.283064946151769,1.0
1,0,3.191835740598451,11.086978124348178,3.473542821558052,-0.7139362095961516,0.27795375675899003,6.439355044957677,1.0
